CIP_Sample_Code	UCD_Sample_Code	UCD_Sample_Numeric	Non_inducer	Inducer	Monica_ploidy	KRA_Background_Ploidy	Monica_KRA_ploidy_concordant	KRA_aneuploidy_notes	Predicted_chrom_number	Parent_assoc_aneuploidy	Phureja_marker_phenotype	Other notes	numerical_aneuploidy	broken_chromosome
CIP315028.1	MM1	1	LR00014	PL4	2x	2x	TRUE	clean	24	NA	NA	NA	.	.
CIP315028.2	MM2	2	LR00014	PL4	2x	2x	TRUE	clean	24	NA	NA	NA	.	.
CIP315028.3	MM3	3	LR00014	PL4	2x	2x	TRUE	2x+6S.6L	25	non-inducer	NA	NA	numerical	.
CIP315028.4	MM4	4	LR00014	PL4	2x	2x	TRUE	clean	24	NA	NA	NA	.	.
CIP315028.5	MM5	5	LR00014	PL4	2x	2x	TRUE	clean	24	NA	NA	NA	.	.
CIP315028.7	MM6	6	LR00014	PL4	2x	2x	TRUE	clean	24	NA	NA	NA	.	.
CIP315028.8	MM7	7	LR00014	PL4	2x	2x	TRUE	clean	24	NA	NA	NA	.	.
CIP315028.9	MM8	8	LR00014	PL4	2x	2x	TRUE	clean	24	NA	NA	NA	.	.
CIP315028.10	MM9	9	LR00014	PL4	2x	2x	TRUE	clean	24	NA	NA	NA	.	.
CIP315028.11	MM10	10	LR00014	PL4	2x	2x	TRUE	clean	24	NA	NA	NA	.	.
CIP315028.12	MM11	11	LR00014	PL4	2x	2x	TRUE	clean	24	NA	NA	NA	.	.
CIP315028.13	MM12	12	LR00014	PL4	2x	2x	TRUE	clean	24	NA	NA	NA	.	.
CIP315028.14	MM13	13	LR00014	PL4	2x	2x	TRUE	clean	24	NA	NA	NA	.	.
CIP315028.15	MM14	14	LR00014	PL4	2x	2x	TRUE	2x+2S.2L	25	non-inducer	NA	NA	numerical	.
CIP315028.16	MM15	15	LR00014	PL4	2x	2x	TRUE	clean	24	NA	NA	NA	.	.
CIP315028.19	MM16	16	LR00014	PL4	2x	2x	TRUE	clean	24	NA	NA	NA	.	.
CIP315028.20	MM17	17	LR00014	PL4	2x	2x	TRUE	clean	24	NA	NA	NA	.	.
CIP315028.21	MM18	18	LR00014	PL4	2x	2x	TRUE	clean	24	NA	NA	NA	.	.
CIP315028.22	MM19	19	LR00014	PL4	2x	2x	TRUE	clean	24	NA	NA	NA	.	.
CIP315028.23	MM20	20	LR00014	PL4	2x	2x	TRUE	clean	24	NA	NA	NA	.	.
CIP315028.24	MM21	21	LR00014	PL4	2x	2x	TRUE	clean	24	NA	NA	NA	.	.
CIP315028.25	MM22	22	LR00014	PL4	2x	2x	TRUE	clean	24	NA	NA	NA	.	.
CIP315028.26	MM23	23	LR00014	PL4	2x	2x	TRUE	clean	24	NA	NA	NA	.	.
CIP315028.27	MM24	24	LR00014	PL4	2x	2x	TRUE	clean	24	NA	NA	NA	.	.
CIP315028.28	MM25	25	LR00014	PL4	2x	2x	TRUE	clean	24	NA	NA	NA	.	.
CIP315028.29	MM26	26	LR00014	PL4	2x	2x	TRUE	clean	24	NA	NA	NA	.	.
CIP315028.30	MM27	27	LR00014	PL4	2x	2x	TRUE	clean	24	NA	NA	NA	.	.
CIP315028.31	MM28	28	LR00014	PL4	2x	2x	TRUE	clean	24	NA	NA	NA	.	.
CIP315028.32	MM29	29	LR00014	PL4	2x	2x	TRUE	clean	24	NA	NA	NA	.	.
CIP315028.33	MM30	30	LR00014	PL4	2x	2x	TRUE	clean	24	NA	NA	NA	.	.
CIP315028.34	MM31	31	LR00014	PL4	2x	2x	TRUE	clean	24	NA	NA	NA	.	.
CIP315028.35	MM32	32	LR00014	PL4	2x	2x	TRUE	clean	24	NA	NA	NA	.	.
CIP315028.36	MM33	33	LR00014	PL4	2x	2x	TRUE	clean	24	NA	NA	NA	.	.
CIP315028.37	MM34	34	LR00014	PL4	2x	2x	TRUE	clean	24	NA	NA	NA	.	.
CIP315028.38	MM35	35	LR00014	PL4	2x	2x	TRUE	clean	24	NA	NA	NA	.	.
CIP315028.39	MM36	36	LR00014	PL4	2x	2x	TRUE	clean	24	NA	NA	NA	.	.
CIP315029.1	MM37	37	LR00014	IVP35	2x	NA	NA	clean	24	NA	NA	recheck when I have better SNPs	.	.
CIP315029.3	MM38	38	LR00014	IVP35	2x	NA	NA	clean	24	NA	NA	recheck when I have better SNPs	.	.
CIP315029.4	MM39	39	LR00014	IVP35	2x	NA	NA	clean	24	NA	NA	recheck when I have better SNPs	.	.
CIP315029.5	MM40	40	LR00014	IVP35	2x	NA	NA	clean	24	NA	NA	recheck when I have better SNPs	.	.
CIP315029.6	MM41	41	LR00014	IVP35	2x	NA	NA	clean	24	NA	NA	recheck when I have better SNPs	.	.
CIP315029.9	MM42	42	LR00014	IVP35	2x	NA	NA	clean	24	NA	NA	recheck when I have better SNPs	.	.
CIP315029.10	MM43	43	LR00014	IVP35	2x	2x	TRUE	2x+10S.10L	25	non-inducer	NA	recheck when I have better SNPs	numerical	.
CIP315029.11	MM44	44	LR00014	IVP35	2x	NA	NA	clean	24	NA	NA	recheck when I have better SNPs	.	.
CIP315029.12	MM45	45	LR00014	IVP35	2x	NA	NA	clean	24	NA	NA	recheck when I have better SNPs	.	.
CIP315029.13	MM46	46	LR00014	IVP35	3x	3x	TRUE	4x-6S.6L	47	NA	NA	recheck when I have better SNPs	numerical	.
CIP315029.14	MM47	47	LR00014	IVP35	2x	NA	NA	clean	24	NA	NA	recheck when I have better SNPs	.	.
CIP315029.15	MM48	48	LR00014	IVP35	3x	NA	NA	clean	24	NA	NA	recheck when I have better SNPs	.	.
CIP315029.16	MM49	49	LR00014	IVP35	2x	NA	NA	clean	24	NA	NA	recheck when I have better SNPs	.	.
CIP315029.17	MM50	50	LR00014	IVP35	2x	NA	NA	clean	24	NA	NA	recheck when I have better SNPs	.	.
CIP315029.18	MM51	51	LR00014	IVP35	2x	NA	NA	clean	24	NA	NA	recheck when I have better SNPs	.	.
CIP315029.19	MM52	52	LR00014	IVP35	2x	NA	NA	clean	24	NA	NA	recheck when I have better SNPs	.	.
CIP315029.20	MM53	53	LR00014	IVP35	2x	NA	NA	clean	24	NA	NA	recheck when I have better SNPs	.	.
CIP315029.21	MM54	54	LR00014	IVP35	2x	NA	NA	clean	24	NA	NA	recheck when I have better SNPs	.	.
CIP315029.22	MM55	55	LR00014	IVP35	2x	NA	NA	clean	24	NA	NA	recheck when I have better SNPs	.	.
CIP315030.2	MM56	56	LR00026	PL4	2x	2x	TRUE	clean	24	NA	NA	NA	.	.
CIP315030.3	MM57	57	LR00026	PL4	2x	2x	TRUE	clean	24	NA	NA	NA	.	.
CIP315030.4	MM58	58	LR00026	PL4	2x	2x	TRUE	clean	24	NA	NA	NA	.	.
CIP315030.6	MM59	59	LR00026	PL4	2x	2x	TRUE	clean	24	NA	NA	NA	.	.
CIP315030.10	MM60	60	LR00026	PL4	2x	2x	TRUE	clean	24	NA	NA	NA	.	.
CIP315030.11	MM61	61	LR00026	PL4	2x	2x	TRUE	clean	24	NA	NA	NA	.	.
CIP315030.12	MM62	62	LR00026	PL4	2x	2x	TRUE	clean	24	NA	NA	NA	.	.
CIP315030.13	MM63	63	LR00026	PL4	2x	2x	TRUE	clean	24	NA	NA	NA	.	.
CIP315030.15	MM64	64	LR00026	PL4	2x	2x	TRUE	clean	24	NA	NA	NA	.	.
CIP315030.17	MM65	65	LR00026	PL4	2x	2x	TRUE	clean	24	NA	NA	NA	.	.
CIP315030.18	MM66	66	LR00026	PL4	2x	2x	TRUE	clean	24	NA	NA	NA	.	.
CIP315030.19	MM67	67	LR00026	PL4	2x	2x	TRUE	clean	24	NA	NA	NA	.	.
CIP315030.20	MM68	68	LR00026	PL4	2x	2x	TRUE	clean	24	NA	NA	NA	.	.
CIP315030.21	MM69	69	LR00026	PL4	2x	2x	TRUE	clean	24	NA	NA	NA	.	.
CIP315030.22	MM70	70	LR00026	PL4	2x	2x	TRUE	2x+10L	25	non-inducer	NA	possible recurring change; trisomic for all but 10S tip	.	.
CIP315030.23	MM71	71	LR00026	PL4	2x	2x	TRUE	clean	24	NA	NA	NA	.	.
CIP315030.25	MM72	72	LR00026	PL4	2x	2x	TRUE	clean	24	NA	NA	NA	.	.
CIP315030.26	MM73	73	LR00026	PL4	2x	2x	TRUE	clean	24	NA	NA	NA	.	.
CIP315031.1	MM74	74	LR00026	IVP35	2x	2x	TRUE	clean	24	NA	NA	NA	.	.
CIP315031.2	MM75	75	LR00026	IVP35	2x	2x	TRUE	clean	24	NA	NA	NA	.	.
CIP315031.3	MM76	76	LR00026	IVP35	2x	2x	TRUE	clean	24	NA	NA	NA	.	.
CIP315031.4	MM77	77	LR00026	IVP35	2x	2x	TRUE	2x+7S.7L	25	non-inducer	NA	NA	numerical	.
CIP315031.5	MM78	78	LR00026	IVP35	2x	2x	TRUE	2x-10S	24	non-inducer	NA	recurring change; linked to coverage up on 3	.	.
CIP315031.6	MM79	79	LR00026	IVP35	2x	2x	TRUE	2x-10S	24	non-inducer	NA	recurring change; linked to coverage up on 3	.	.
CIP315031.7	MM80	80	LR00026	IVP35	2x	2x	TRUE	clean	24	NA	NA	NA	.	.
CIP315031.8	MM81	81	LR00026	IVP35	2x	2x	TRUE	clean	24	NA	NA	NA	.	.
CIP315031.9	MM82	82	LR00026	IVP35	2x	2x	TRUE	clean	24	NA	NA	NA	.	.
CIP315031.10	MM83	83	LR00026	IVP35	2x	2x	TRUE	clean	24	NA	NA	NA	.	.
CIP315031.11	MM84	84	LR00026	IVP35	2x	2x	TRUE	2x-10S	24	non-inducer	NA	recurring change; linked to coverage up on 3	.	.
CIP315031.12	MM85	85	LR00026	IVP35	2x	2x	TRUE	clean	24	NA	NA	NA	.	.
CIP315031.13	MM86	86	LR00026	IVP35	2x	2x	TRUE	clean	24	NA	NA	NA	.	.
CIP315031.15	MM87	87	LR00026	IVP35	2x	2x	TRUE	clean	24	NA	NA	NA	.	.
CIP315031.16	MM88	88	LR00026	IVP35	2x	2x	TRUE	clean	24	NA	NA	NA	.	.
CIP315032.1	MM89	89	LR00026	IVP101	2x	2x	TRUE	2x+3L-10S	24	NA	NA	recurring change	.	.
CIP315033.1	MM90	90	Y84027	PL4	2x	2x	TRUE	clean	24	NA	NA	NA	.	.
CIP315033.3	MM91	91	Y84027	PL4	2x	2x	TRUE	clean	24	NA	NA	NA	.	.
CIP315033.4	MM92	92	Y84027	PL4	2x	2x	TRUE	clean	24	NA	NA	NA	.	.
CIP315033.6	MM93	93	Y84027	PL4	2x	2x	TRUE	clean	24	NA	NA	NA	.	.
CIP315033.7	MM94	94	Y84027	PL4	2x	2x	TRUE	clean	24	NA	NA	NA	.	.
CIP315033.8	MM95	95	Y84027	PL4	2x	2x	TRUE	clean	24	NA	NA	NA	.	.
CIP315034.1	MM96	96	Y84027	IVP35	2x	2x	TRUE	clean	24	NA	NA	NA	.	.
CIP315034.3	MM97	97	Y84027	IVP35	2x	2x	TRUE	NA	24	NA	NA	withhold	.	.
CIP315034.4	MM98	98	Y84027	IVP35	2x	2x	TRUE	clean	24	NA	NA	NA	.	.
CIP315034.5	MM99	99	Y84027	IVP35	2x	2x	TRUE	clean	24	NA	NA	NA	.	.
CIP315034.6	MM100	100	Y84027	IVP35	2x	2x	TRUE	clean	24	NA	NA	NA	.	.
CIP315036.2	MM101	101	C90170	IVP35	2x	2x	TRUE	2x+7S.7L	25	NA	NA	shatter watch; need parental markers	numerical	.
CIP315038.1	MM102	102	93.003	PL4	2x	NA	NA	clean	24	NA	NA	NA	.	.
CIP315038.4	MM103	103	93.003	PL4	2x	NA	NA	clean	24	NA	NA	NA	.	.
CIP315038.5	MM104	104	93.003	PL4	2x	NA	NA	clean	24	NA	NA	NA	.	.
CIP315038.8	MM105	105	93.003	PL4	2x	NA	NA	clean	24	NA	NA	NA	.	.
CIP315038.11	MM106	106	93.003	PL4	2x	NA	NA	clean	24	NA	NA	NA	.	.
CIP315038.12	MM107	107	93.003	PL4	2x	NA	NA	clean	24	NA	NA	NA	.	.
CIP315038.13	MM108	108	93.003	PL4	2x	NA	NA	clean	24	NA	NA	NA	.	.
CIP315038.14	MM109	109	93.003	PL4	2x	NA	NA	clean	24	NA	NA	NA	.	.
CIP315038.15	MM110	110	93.003	PL4	2x	NA	NA	clean	24	NA	NA	NA	.	.
CIP315038.16	MM111	111	93.003	PL4	2x	NA	NA	clean	24	NA	NA	NA	.	.
CIP315038.17	MM112	112	93.003	PL4	2x	NA	NA	clean	24	NA	NA	NA	.	.
CIP315038.18	MM113	113	93.003	PL4	2x	NA	NA	clean	24	NA	NA	NA	.	.
CIP315038.19	MM114	114	93.003	PL4	2x	NA	NA	clean	24	NA	NA	NA	.	.
CIP315038.20	MM115	115	93.003	PL4	2x	NA	NA	clean	24	NA	NA	NA	.	.
CIP315038.21	MM116	116	93.003	PL4	2x	NA	NA	2x+5S.5L	25	non-inducer	NA	NA	numerical	.
CIP315038.22	MM117	117	93.003	PL4	2x	NA	NA	clean	24	NA	NA	NA	.	.
CIP315038.23	MM118	118	93.003	PL4	2x	NA	NA	2x+10S.10L	25	non-inducer	NA	NA	numerical	.
CIP315038.24	MM119	119	93.003	PL4	2x	NA	NA	clean	24	NA	NA	NA	.	.
CIP315038.25	MM120	120	93.003	PL4	2x	NA	NA	clean	24	NA	NA	NA	.	.
CIP315038.27	MM121	121	93.003	PL4	2x	NA	NA	clean	24	NA	NA	NA	.	.
CIP315038.28	MM122	122	93.003	PL4	2x	NA	NA	clean	24	NA	NA	NA	.	.
CIP315038.29	MM123	123	93.003	PL4	2x	NA	NA	clean	24	NA	NA	NA	.	.
CIP315038.30	MM124	124	93.003	PL4	2x	NA	NA	clean	24	NA	NA	NA	.	.
CIP315038.31	MM125	125	93.003	PL4	2x	NA	NA	clean	24	NA	NA	NA	.	.
CIP315038.33	MM126	126	93.003	PL4	2x	NA	NA	clean	24	NA	NA	NA	.	.
CIP315039.1	MM127	127	93.003	IVP35	2x	NA	NA	clean	24	NA	NA	NA	.	.
CIP315039.2	MM128	128	93.003	IVP35	2x	NA	NA	clean	24	NA	NA	NA	.	.
CIP315039.4	MM129	129	93.003	IVP35	2x	NA	NA	clean	24	NA	NA	NA	.	.
CIP315039.5	MM130	130	93.003	IVP35	2x	NA	NA	clean	24	NA	NA	NA	.	.
CIP315039.6	MM131	131	93.003	IVP35	2x	NA	NA	clean	24	NA	NA	NA	.	.
CIP315040.3	MM133	133	458	PL4	2x	NA	NA	2x-11S.11L	23	NA	NA	NA	.	.
CIP315040.4	MM134	134	458	PL4	2x	NA	NA	NA	24	NA	NA	NA	.	.
CIP315040.5	MM135	135	458	PL4	2x	NA	NA	NA	24	NA	NA	shatter watch; unique chr08 in 458 cohort but mirrored down profile observed	.	broken
CIP315040.6	MM136	136	458	PL4	2x	NA	NA	2x+2S.2L	25	NA	NA	NA	numerical	.
CIP315042.2	MM138	138	C92172	PL4	2x	2x	TRUE	2x+mini1	25	NA	NA	shatter watch; mini not confirmed by SNP or uniqueness	.	broken
CIP315042.3	MM139	139	C92172	PL4	2x	2x	TRUE	clean	24	NA	NA	NA	.	.
CIP315043.1	MM140	140	C92172	IVP35	2x	2x	TRUE	clean	24	NA	NA	NA	.	.
CIP315044.2	MM141	141	WA104	PL4	2x	NA	NA	clean	24	NA	NA	NA	.	.
CIP315044.5	MM142	142	WA104	PL4	2x	NA	NA	clean	24	NA	NA	NA	.	.
CIP315044.8	MM143	143	WA104	PL4	2x	NA	NA	2x-11S.11L	23	NA	NA	NA	numerical	.
CIP315044.9	MM144	144	WA104	PL4	2x	NA	NA	clean	24	NA	NA	NA	.	.
CIP315044.10	MM145	145	WA104	PL4	2x	NA	NA	clean	24	NA	NA	NA	.	.
CIP315044.11	MM146	146	WA104	PL4	2x	NA	NA	clean	24	NA	NA	NA	.	.
CIP315044.12	MM147	147	WA104	PL4	2x	NA	NA	clean	24	NA	NA	NA	.	.
CIP315044.14	MM148	148	WA104	PL4	2x	NA	NA	clean	24	NA	NA	NA	.	.
CIP315044.15	MM149	149	WA104	PL4	2x	NA	NA	clean	24	NA	NA	NA	.	.
CIP315045.3	MM150	150	WA104	IVP35	2x	NA	NA	clean	24	NA	NA	NA	.	.
CIP315045.4	MM151	151	WA104	IVP35	2x	NA	NA	clean	24	NA	NA	NA	.	.
CIP315045.5	MM152	152	WA104	IVP35	2x	NA	NA	2x+3S.3L	25	NA	NA	NA	.	.
CIP315045.8	MM153	153	WA104	IVP35	2x	NA	NA	clean	24	NA	NA	NA	numerical	.
CIP315045.9	MM154	154	WA104	IVP35	2x	NA	NA	clean	24	NA	NA	NA	.	.
CIP315047.1	MM155	155	WA077	PL4	2x	2x?	FALSE	2x+8S.8L	25	non-inducer	NA	NA	numerical	.
CIP315047.2	MM156	156	WA077	PL4	2x	2x	TRUE	clean	24	NA	NA	NA	.	.
CIP315047.4	MM157	157	WA077	PL4	2x	2x	TRUE	clean	24	NA	NA	NA	.	.
CIP315047.6	MM158	158	WA077	PL4	2x	2x	TRUE	clean	24	NA	NA	NA	.	.
CIP315047.7	MM159	159	WA077	PL4	2x	2x	TRUE	clean	24	NA	NA	NA	.	.
CIP315047.8	MM160	160	WA077	PL4	2x	2x	TRUE	clean	24	NA	NA	NA	.	.
CIP315047.9	MM161	161	WA077	PL4	2x	2x	TRUE	clean	24	NA	NA	NA	.	.
CIP315047.10	MM162	162	WA077	PL4	2x	2x	TRUE	clean	24	NA	NA	NA	.	.
CIP315047.11	MM163	163	WA077	PL4	2x	2x	TRUE	clean	24	NA	NA	NA	.	.
CIP315047.12	MM164	164	WA077	PL4	2x	2x	TRUE	clean	24	NA	NA	NA	.	.
CIP315047.13	MM165	165	WA077	PL4	2x	2x	TRUE	2x+3S.3L	25	non-inducer	NA	NA	numerical	.
CIP315047.14	MM166	166	WA077	PL4	2x	2x	TRUE	clean	24	NA	NA	NA	.	.
CIP315047.15	MM167	167	WA077	PL4	2x	2x	TRUE	clean	24	NA	NA	NA	.	.
CIP315047.17	MM168	168	WA077	PL4	2x	2x	TRUE	clean	24	NA	NA	NA	.	.
CIP315047.18	MM169	169	WA077	PL4	2x	2x	TRUE	2x+6S.6L	25	non-inducer	NA	NA	numerical	.
CIP315047.19	MM170	170	WA077	PL4	2x	2x	TRUE	clean	24	NA	NA	NA	.	.
CIP315047.20	MM171	171	WA077	PL4	2x	2x	TRUE	clean	24	NA	NA	NA	.	.
CIP315047.22	MM172	172	WA077	PL4	2x	2x	TRUE	clean	24	NA	NA	NA	.	.
CIP315047.24	MM173	173	WA077	PL4	2x	2x	TRUE	clean	24	NA	NA	NA	.	.
CIP315047.26	MM174	174	WA077	PL4	2x	2x	TRUE	clean	24	NA	NA	NA	.	.
CIP315047.28	MM175	175	WA077	PL4	2x	2x	TRUE	2x+2S.2L+8S.8L	26	non-inducer	NA	NA	numerical	.
CIP315047.29	MM176	176	WA077	PL4	2x	2x	TRUE	clean	24	NA	NA	NA	.	.
CIP315047.30	MM177	177	WA077	PL4	2x	2x	TRUE	2x+8S.8L	25	non-inducer	NA	NA	numerical	.
CIP315047.31	MM178	178	WA077	PL4	2x	2x	TRUE	clean	24	NA	NA	NA	.	.
CIP315047.32	MM179	179	WA077	PL4	2x	2x	TRUE	clean	24	NA	NA	NA	.	.
CIP315047.33	MM180	180	WA077	PL4	2x	2x	TRUE	clean	24	NA	NA	NA	.	.
CIP315047.34	MM181	181	WA077	PL4	2x	2x	TRUE	clean	24	NA	NA	NA	.	.
CIP315047.35	MM182	182	WA077	PL4	2x	2x	TRUE	clean	24	NA	NA	NA	.	.
CIP315047.37	MM183	183	WA077	PL4	2x	2x	TRUE	2x+9S.9L	25	non-inducer	NA	NA	numerical	.
CIP315047.38	MM184	184	WA077	PL4	2x	2x	TRUE	clean	24	NA	NA	NA	.	.
CIP315047.39	MM185	185	WA077	PL4	2x	2x	TRUE	clean	24	NA	NA	NA	.	.
CIP315047.40	MM186	186	WA077	PL4	2x	2x	TRUE	clean	24	NA	NA	NA	.	.
CIP315047.41	MM187	187	WA077	PL4	2x	2x	TRUE	clean	24	NA	NA	NA	.	.
CIP315047.42	MM188	188	WA077	PL4	2x	2x	TRUE	clean	24	NA	NA	NA	.	.
CIP315047.44	MM189	189	WA077	PL4	2x	2x	TRUE	clean	24	NA	NA	NA	.	.
CIP315047.45	MM190	190	WA077	PL4	2x	2x	TRUE	clean	24	NA	NA	NA	.	.
CIP315047.46	MM191	191	WA077	PL4	2x	2x	TRUE	clean	24	NA	NA	NA	.	.
CIP315047.48	MM192	192	WA077	PL4	2x	2x	TRUE	clean	24	NA	NA	NA	.	.
CIP315047.50	MM193	193	WA077	PL4	2x	2x	TRUE	clean	24	NA	NA	NA	.	.
CIP315047.53	MM194	194	WA077	PL4	2x	2x	TRUE	clean	24	NA	NA	NA	.	.
CIP315047.55	MM195	195	WA077	PL4	2x	2x	TRUE	clean	24	NA	NA	NA	.	.
CIP315047.59	MM196	196	WA077	PL4	2x	2x	TRUE	clean	24	NA	NA	NA	.	.
CIP315047.60	MM197	197	WA077	PL4	2x	2x	TRUE	clean	24	NA	NA	NA	.	.
CIP315047.61	MM198	198	WA077	PL4	2x	2x	TRUE	clean	24	NA	NA	NA	.	.
CIP315047.62	MM199	199	WA077	PL4	2x	2x	TRUE	2x+3S.3L	25	non-inducer	NA	NA	numerical	.
CIP315047.63	MM200	200	WA077	PL4	2x	2x	TRUE	clean	24	NA	NA	NA	.	.
CIP315047.64	MM201	201	WA077	PL4	2x	2x	TRUE	clean	24	NA	NA	NA	.	.
CIP315047.65	MM202	202	WA077	PL4	2x	2x	TRUE	clean	24	NA	NA	NA	.	.
CIP315047.66	MM203	203	WA077	PL4	2x	2x	TRUE	clean	24	NA	NA	NA	.	.
CIP315047.68	MM204	204	WA077	PL4	2x	2x	TRUE	clean	24	NA	NA	NA	.	.
CIP315047.69	MM205	205	WA077	PL4	2x	2x	TRUE	clean	24	NA	NA	NA	.	.
CIP315047.71	MM206	206	WA077	PL4	2x	2x	TRUE	clean	24	NA	NA	NA	.	.
CIP315047.72	MM207	207	WA077	PL4	2x	2x	TRUE	clean	24	NA	NA	NA	.	.
CIP315047.75	MM208	208	WA077	PL4	2x	2x	TRUE	clean	24	NA	NA	NA	.	.
CIP315047.76	MM209	209	WA077	PL4	2x	2x	TRUE	clean	24	NA	NA	NA	.	.
CIP315047.77	MM210	210	WA077	PL4	2x	2x	TRUE	clean	24	NA	NA	NA	.	.
CIP315047.79	MM211	211	WA077	PL4	2x	2x	TRUE	clean	24	NA	NA	NA	.	.
CIP315047.80	MM212	212	WA077	PL4	2x	2x	TRUE	clean	24	NA	NA	NA	.	.
CIP315047.82	MM213	213	WA077	PL4	2x	2x	TRUE	clean	24	NA	NA	NA	.	.
CIP315047.83	MM214	214	WA077	PL4	2x	2x	TRUE	2x+9S.9L	25	non-inducer	NA	NA	numerical	.
CIP315047.86	MM215	215	WA077	PL4	2x	2x	TRUE	clean	24	NA	NA	NA	.	.
CIP315047.87	MM216	216	WA077	PL4	2x	2x	TRUE	clean	24	NA	NA	NA	.	.
CIP315047.88	MM217	217	WA077	PL4	2x	2x	TRUE	clean	24	NA	NA	NA	.	.
CIP315047.89	MM218	218	WA077	PL4	2x	2x	TRUE	clean	24	NA	NA	NA	.	.
CIP315048.2	MM219	219	WA077	IVP35	2x	2x	TRUE	clean	24	NA	NA	NA	.	.
CIP315048.4	MM220	220	WA077	IVP35	2x	2x	TRUE	clean	24	NA	NA	NA	.	.
CIP315048.5	MM221	221	WA077	IVP35	2x	2x	TRUE	clean	24	NA	NA	NA	.	.
CIP315048.6	MM222	222	WA077	IVP35	2x	2x	TRUE	clean	24	NA	NA	NA	.	.
CIP315048.7	MM223	223	WA077	IVP35	2x	2x	TRUE	2x+10S.10L	25	non-inducer	NA	NA	numerical	.
CIP315048.8	MM224	224	WA077	IVP35	2x	2x	TRUE	clean	24	NA	NA	NA	.	.
CIP315048.9	MM225	225	WA077	IVP35	2x	2x	TRUE	clean	24	NA	NA	NA	.	.
CIP315048.10	MM226	226	WA077	IVP35	2x	2x	TRUE	clean	24	NA	NA	NA	.	.
CIP315048.13	MM227	227	WA077	IVP35	2x	2x	TRUE	2x+10S.10L	25	non-inducer	NA	NA	numerical	.
CIP315048.15	MM228	228	WA077	IVP35	2x	2x	TRUE	clean	24	NA	NA	NA	.	.
CIP315048.16	MM229	229	WA077	IVP35	2x	2x	TRUE	clean	24	NA	NA	NA	.	.
CIP315048.17	MM230	230	WA077	IVP35	2x	2x	TRUE	clean	24	NA	NA	NA	.	.
CIP315048.18	MM231	231	WA077	IVP35	2x	2x	TRUE	clean	24	NA	NA	NA	.	.
CIP315048.20	MM232	232	WA077	IVP35	2x	2x	TRUE	clean	24	NA	NA	NA	.	.
CIP315048.21	MM233	233	WA077	IVP35	2x	2x	TRUE	clean	24	NA	NA	NA	.	.
CIP315048.22	MM234	234	WA077	IVP35	2x	2x	TRUE	clean	24	NA	NA	NA	.	.
CIP315048.23	MM235	235	WA077	IVP35	2x	2x	TRUE	clean	24	NA	NA	NA	.	.
CIP315048.24	MM236	236	WA077	IVP35	2x	2x	TRUE	clean	24	NA	NA	NA	.	.
CIP315048.25	MM237	237	WA077	IVP35	2x	2x	TRUE	clean	24	NA	NA	NA	.	.
CIP315048.27	MM238	238	WA077	IVP35	2x	2x	TRUE	clean	24	NA	NA	NA	.	.
CIP315048.30	MM239	239	WA077	IVP35	2x	2x	TRUE	clean	24	NA	NA	NA	.	.
CIP315048.32	MM240	240	WA077	IVP35	2x	2x	TRUE	clean	24	NA	NA	NA	.	.
CIP315048.33	MM241	241	WA077	IVP35	2x	2x	TRUE	clean	24	NA	NA	NA	.	.
CIP315048.34	MM242	242	WA077	IVP35	2x	2x	TRUE	clean	24	NA	NA	NA	.	.
CIP315048.35	MM243	243	WA077	IVP35	2x	2x	TRUE	clean	24	NA	NA	NA	.	.
CIP315048.36	MM244	244	WA077	IVP35	2x	2x	TRUE	clean	24	NA	NA	NA	.	.
CIP315048.39	MM245	245	WA077	IVP35	2x	2x	TRUE	clean	24	NA	NA	NA	.	.
CIP315048.40	MM246	246	WA077	IVP35	2x	2x	TRUE	2x+11S.11L	25	inducer	NA	shatter watch; resequenced to higher depth	numerical	.
CIP315048.41	MM247	247	WA077	IVP35	2x	2x	TRUE	2x+8S	25	inducer	NA	shatter watch; resequenced to higher depth	.	broken
CIP315048.42	MM248	248	WA077	IVP35	2x	2x	TRUE	clean	24	NA	NA	NA	.	.
CIP315048.45	MM249	249	WA077	IVP35	2x	2x	TRUE	clean	24	NA	NA	NA	.	.
CIP315048.46	MM250	250	WA077	IVP35	2x	2x	TRUE	clean	24	NA	NA	NA	.	.
CIP315048.47	MM251	251	WA077	IVP35	2x	2x	TRUE	clean	24	NA	NA	NA	.	.
CIP315048.48	MM252	252	WA077	IVP35	2x	2x	TRUE	clean	24	NA	NA	NA	.	.
CIP315048.49	MM253	253	WA077	IVP35	2x	2x	TRUE	clean	24	NA	NA	NA	.	.
CIP315048.50	MM254	254	WA077	IVP35	2x	2x	TRUE	clean	24	NA	NA	NA	.	.
CIP315048.51	MM255	255	WA077	IVP35	2x	2x	TRUE	clean	24	NA	NA	NA	.	.
CIP315048.52	MM256	256	WA077	IVP35	2x	2x	TRUE	clean	24	NA	NA	NA	.	.
CIP315048.53	MM257	257	WA077	IVP35	2x	2x	TRUE	clean	24	NA	NA	NA	.	.
CIP315048.54	MM258	258	WA077	IVP35	2x	2x	TRUE	clean	24	NA	NA	NA	.	.
CIP315048.57	MM259	259	WA077	IVP35	2x	2x	TRUE	clean	24	NA	NA	NA	.	.
CIP315048.58	MM260	260	WA077	IVP35	2x	2x	TRUE	clean	24	NA	NA	NA	.	.
CIP315048.59	MM261	261	WA077	IVP35	2x	2x	TRUE	clean	24	NA	NA	NA	.	.
CIP315048.60	MM262	262	WA077	IVP35	2x	2x	TRUE	2x+9S.9L	25	non-inducer	NA	NA	numerical	.
CIP315048.61	MM263	263	WA077	IVP35	2x	2x	TRUE	clean	24	NA	NA	NA	.	.
CIP315049.1	MM264	264	WA077	IVP101	2x	2x	TRUE	2x+4S.4L	25	non-inducer	NA	NA	numerical	.
CIP315049.5	MM265	265	WA077	IVP101	2x	2x	TRUE	clean	24	NA	NA	NA	.	.
CIP315050.2	MM266	266	Desiree	PL4	2x	2x	TRUE	2x+9S.9L	25	non-inducer	NA	NA	numerical	.
CIP315050.3	MM267	267	Desiree	PL4	2x	2x	TRUE	clean	24	NA	NA	NA	.	.
CIP315050.4	MM268	268	Desiree	PL4	2x	2x	TRUE	clean	24	NA	NA	NA	.	.
CIP315050.6	MM269	269	Desiree	PL4	2x	2x	TRUE	clean	24	NA	NA	NA	.	.
CIP315050.7	MM270	270	Desiree	PL4	2x	2x	TRUE	clean	24	NA	NA	NA	.	.
CIP315050.8	MM271	271	Desiree	PL4	2x	2x	TRUE	clean	24	NA	NA	NA	.	.
CIP315051.1	MM272	272	Desiree	IVP35	2x	2x	TRUE	clean	24	NA	NA	NA	.	.
CIP315051.3	MM273	273	Desiree	IVP35	2x	2x	TRUE	clean	24	NA	NA	NA	.	.
CIP315052.1	MM274	274	Atlantic	PL4	2x	2x	TRUE	clean	24	NA	NA	NA	.	.
CIP315052.2	MM275	275	Atlantic	PL4	2x	NA	NA	2x-6S	24	NA	NA	might be a hybrid but unclear	.	broken
CIP315052.3	MM276	276	Atlantic	PL4	2x	2x	TRUE	2x+5S.5L	25	non-inducer	NA	NA	numerical	.
CIP315052.4	MM277	277	Atlantic	PL4	2x	2x	TRUE	clean	24	NA	NA	NA	.	.
CIP315052.5	MM278	278	Atlantic	PL4	2x	2x	TRUE	clean	24	NA	NA	NA	.	.
CIP315053.1	MM279	279	Atlantic	IVP35	2x	2x	TRUE	clean	24	NA	NA	NA	.	.
CIP315028.50	MM280	280	LR00014	PL4	2x	2x	TRUE	2x+2S.2L	25	non-inducer	NA	NA	numerical	.
CIP315030.32	MM281	281	LR00026	PL4	2x	2x	TRUE	2x+3L	25	non-inducer	NA	NA	.	broken
CIP315030.35	MM282	282	LR00026	PL4	2x	2x	TRUE	clean	24	NA	NA	NA	.	.
CIP315030.36	MM283	283	LR00026	PL4	2x	2x	TRUE	clean	24	NA	NA	NA	.	.
CIP315030.37	MM284	284	LR00026	PL4	2x	2x	TRUE	clean	24	NA	NA	NA	.	.
CIP315030.42	MM285	285	LR00026	PL4	2x	2x	TRUE	clean	24	NA	NA	NA	.	.
CIP315030.44	MM286	286	LR00026	PL4	2x	2x	TRUE	clean	24	NA	NA	NA	.	.
CIP315030.49	MM287	287	LR00026	PL4	2x	2x	TRUE	clean	24	NA	NA	NA	.	.
CIP315030.50	MM288	288	LR00026	PL4	2x	2x	TRUE	clean	24	NA	NA	NA	.	.
CIP315030.51	MM289	289	LR00026	PL4	2x	2x	TRUE	clean	24	NA	NA	NA	.	.
CIP315047.111	MM305	305	WA077	PL4	2x	2x	TRUE	clean	24	NA	putDH	NA	.	.
CIP315047.054	MM306	306	WA077	PL4	2x	2x	TRUE	clean	24	NA	putDH	NA	.	.
CIP315047.057	MM307	307	WA077	PL4	2x	2x	TRUE	clean	24	NA	putDH	NA	.	.
CIP315047.073	MM308	308	WA077	PL4	2x	2x	TRUE	clean	24	NA	putDH	NA	.	.
CIP316601.001	MM309	309	C93154	PL4	2x	NA	NA	clean	24	NA	putDH	NA	.	.
CIP316601.002	MM310	310	C93154	PL4	2x	NA	NA	clean	24	NA	putDH	NA	.	.
CIP316601.003	MM311	311	C93154	PL4	2x	NA	NA	clean	24	NA	putDH	NA	.	.
CIP316601.004	MM312	312	C93154	PL4	2x	NA	NA	clean	24	NA	putDH	NA	.	.
CIP316601.006	MM313	313	C93154	PL4	2x	NA	NA	clean	24	NA	putDH	NA	.	.
CIP316601.007	MM314	314	C93154	PL4	2x	NA	NA	clean	24	NA	putDH	NA	.	.
CIP316601.008	MM315	315	C93154	PL4	2x	NA	NA	clean	24	NA	putDH	NA	.	.
CIP316601.009	MM316	316	C93154	PL4	2x	NA	NA	clean	24	NA	putDH	NA	.	.
CIP316601.010	MM317	317	C93154	PL4	2x	NA	NA	clean	24	NA	putDH	NA	.	.
CIP316601.011	MM318	318	C93154	PL4	2x	NA	NA	clean	24	NA	putDH	NA	.	.
CIP316601.012	MM319	319	C93154	PL4	2x	NA	NA	clean	24	NA	putDH	NA	.	.
CIP316601.013	MM320	320	C93154	PL4	2x	NA	NA	clean	24	NA	putDH	NA	.	.
CIP316601.014	MM321	321	C93154	PL4	2x	NA	NA	clean	24	NA	putDH	NA	.	.
CIP316601.017	MM322	322	C93154	PL4	2x	NA	NA	clean	24	NA	putDH	NA	.	.
CIP316601.018	MM323	323	C93154	PL4	2x	NA	NA	clean	24	NA	putDH	NA	.	.
CIP316601.019	MM324	324	C93154	PL4	2x	NA	NA	clean	24	NA	putDH	NA	.	.
CIP316601.020	MM325	325	C93154	PL4	2x	NA	NA	clean	24	NA	putDH	NA	.	.
CIP316601.021	MM326	326	C93154	PL4	2x	NA	NA	clean	24	NA	putDH	NA	.	.
CIP316601.022	MM327	327	C93154	PL4	2x	NA	NA	clean	24	NA	putDH	NA	.	.
CIP316601.023	MM328	328	C93154	PL4	2x	NA	NA	clean	24	NA	putDH	NA	.	.
CIP316601.086	MM329	329	C93154	PL4	NA	NA	NA	clean	24	NA	NA	NA	.	.
CIP316601.087	MM330	330	C93154	PL4	2x	NA	NA	clean	24	NA	putDH	NA	.	.
CIP316601.088	MM331	331	C93154	PL4	2x	NA	NA	clean	24	NA	putDH	NA	.	.
CIP316601.089	MM332	332	C93154	PL4	2x	NA	NA	clean	24	NA	putDH	NA	.	.
CIP316601.090	MM333	333	C93154	PL4	2x	NA	NA	clean	24	NA	putDH	NA	.	.
CIP316601.091	MM334	334	C93154	PL4	2x	NA	NA	clean	24	NA	putDH	NA	.	.
CIP316601.093	MM335	335	C93154	PL4	2x	NA	NA	clean	24	NA	putDH	NA	.	.
CIP316601.095	MM336	336	C93154	PL4	2x	NA	NA	clean	24	NA	putDH	NA	.	.
CIP316601.097	MM337	337	C93154	PL4	2x	NA	NA	clean	24	NA	putDH	NA	.	.
CIP316601.098	MM338	338	C93154	PL4	2x	NA	NA	clean	24	NA	putDH	NA	.	.
CIP316601.099	MM339	339	C93154	PL4	2x	NA	NA	clean	24	NA	putDH	NA	.	.
CIP316601.100	MM340	340	C93154	PL4	2x	NA	NA	clean	24	NA	putDH	NA	.	.
CIP316601.102	MM341	341	C93154	PL4	2x	NA	NA	clean	24	NA	putDH	NA	.	.
CIP316601.103	MM342	342	C93154	PL4	2x	NA	NA	clean	24	NA	putDH	NA	.	.
CIP316601.104	MM343	343	C93154	PL4	2x	NA	NA	clean	24	NA	putDH	NA	.	.
CIP316601.105	MM344	344	C93154	PL4	2x	NA	NA	clean	24	NA	putDH	NA	.	.
CIP316601.106	MM345	345	C93154	PL4	2x	NA	NA	clean	24	NA	putDH	NA	.	.
CIP316601.107	MM346	346	C93154	PL4	2x	NA	NA	clean	24	NA	putDH	NA	.	.
CIP316601.108	MM347	347	C93154	PL4	2x	NA	NA	clean	24	NA	putDH	NA	.	.
CIP316601.109	MM348	348	C93154	PL4	2x	NA	NA	clean	24	NA	putDH	NA	.	.
CIP316601.112	MM349	349	C93154	PL4	2x	NA	NA	clean	24	NA	putDH	NA	.	.
CIP316601.113	MM350	350	C93154	PL4	2x	NA	NA	clean	24	NA	putDH	NA	.	.
CIP316601.114	MM351	351	C93154	PL4	2x	NA	NA	clean	24	NA	putDH	NA	.	.
CIP316601.115	MM352	352	C93154	PL4	2x	NA	NA	clean	24	NA	putDH	NA	.	.
CIP316601.118	MM353	353	C93154	PL4	2x	NA	NA	clean	24	NA	putDH	NA	.	.
CIP316601.119	MM354	354	C93154	PL4	NA	NA	NA	clean	24	NA	NA	NA	.	.
CIP316601.123	MM355	355	C93154	PL4	2x	NA	NA	clean	24	NA	putDH	NA	.	.
CIP316601.126	MM356	356	C93154	PL4	2x	NA	NA	clean	24	NA	putDH	NA	.	.
CIP316601.127	MM357	357	C93154	PL4	2x	NA	NA	clean	24	NA	putDH	NA	.	.
CIP316601.129	MM358	358	C93154	PL4	2x	NA	NA	clean	24	NA	putDH	NA	.	.
CIP316601.130	MM359	359	C93154	PL4	2x	NA	NA	clean	24	NA	putDH	NA	.	.
CIP316601.131	MM360	360	C93154	PL4	2x	NA	NA	2x-1S	24	non-inducer	putDH	shatter watch; rearranged non inducer chrom	.	broken
CIP316601.132	MM361	361	C93154	PL4	2x	NA	NA	clean	24	NA	putDH	NA	.	.
CIP316601.133	MM362	362	C93154	PL4	2x	NA	NA	clean	24	NA	putDH	NA	.	.
CIP316601.137	MM363	363	C93154	PL4	2x	NA	NA	clean	24	NA	putDH	NA	.	.
CIP316601.142	MM364	364	C93154	PL4	2x	NA	NA	clean	24	NA	putDH	NA	.	.
CIP316601.144	MM365	365	C93154	PL4	2x	NA	NA	clean	24	NA	putDH	NA	.	.
CIP316601.145	MM366	366	C93154	PL4	2x	NA	NA	clean	24	NA	putDH	NA	.	.
CIP316601.146	MM367	367	C93154	PL4	2x	NA	NA	clean	24	NA	putDH	NA	.	.
CIP316601.148	MM368	368	C93154	PL4	2x	NA	NA	clean	24	NA	putDH	NA	.	.
CIP316601.149	MM369	369	C93154	PL4	2x	NA	NA	clean	24	NA	putDH	NA	.	.
CIP316601.150	MM370	370	C93154	PL4	2x	NA	NA	clean	24	NA	putDH	NA	.	.
CIP316601.151	MM371	371	C93154	PL4	2x	NA	NA	clean	24	NA	putDH	NA	.	.
CIP316601.152	MM372	372	C93154	PL4	2x	NA	NA	clean	24	NA	putDH	NA	.	.
CIP316601.154	MM373	373	C93154	PL4	2x	NA	NA	clean	24	NA	putDH	NA	.	.
CIP316601.155	MM374	374	C93154	PL4	2x	NA	NA	clean	24	NA	putDH	NA	.	.
CIP316601.156	MM375	375	C93154	PL4	2x	NA	NA	clean	24	NA	putDH	NA	.	.
CIP316601.157	MM376	376	C93154	PL4	2x	NA	NA	clean	24	NA	putDH	NA	.	.
CIP316601.158	MM377	377	C93154	PL4	2x	NA	NA	clean	24	NA	putDH	NA	.	.
CIP316601.159	MM378	378	C93154	PL4	2x	NA	NA	clean	24	NA	putDH	NA	.	.
CIP316601.160	MM379	379	C93154	PL4	NA	NA	NA	clean	24	NA	NA	NA	.	.
CIP316601.161	MM380	380	C93154	PL4	2x	NA	NA	clean	24	NA	putDH	NA	.	.
CIP316601.162	MM381	381	C93154	PL4	2x	NA	NA	clean	24	NA	putDH	NA	.	.
CIP316601.163	MM382	382	C93154	PL4	2x	NA	NA	clean	24	NA	putDH	NA	.	.
CIP316601.164	MM383	383	C93154	PL4	2x	NA	NA	clean	24	NA	putDH	NA	.	.
CIP316601.165	MM384	384	C93154	PL4	2x	NA	NA	clean	24	NA	putDH	NA	.	.
CIP316601.166	MM385	385	C93154	PL4	2x	NA	NA	clean	24	NA	putDH	NA	.	.
CIP316601.168	MM386	386	C93154	PL4	2x	NA	NA	clean	24	NA	putDH	NA	.	.
CIP316601.169	MM387	387	C93154	PL4	2x	NA	NA	clean	24	NA	putDH	NA	.	.
CIP316601.170	MM388	388	C93154	PL4	2x	NA	NA	clean	24	NA	putDH	NA	.	.
CIP316601.171	MM389	389	C93154	PL4	2x	NA	NA	2x+3S.3L	25	non-inducer	putDH	NA	numerical	.
CIP316601.172	MM390	390	C93154	PL4	2x	NA	NA	clean	24	NA	putDH	NA	.	.
CIP316601.173	MM391	391	C93154	PL4	2x	NA	NA	clean	24	NA	putDH	NA	.	.
CIP316601.174	MM392	392	C93154	PL4	2x	NA	NA	clean	24	NA	putDH	NA	.	.
CIP316601.175	MM393	393	C93154	PL4	2x	NA	NA	clean	24	NA	putDH	NA	.	.
CIP316601.176	MM394	394	C93154	PL4	2x	NA	NA	clean	24	NA	putDH	NA	.	.
CIP316601.177	MM395	395	C93154	PL4	2x	NA	NA	clean	24	NA	putDH	NA	.	.
CIP316601.178	MM396	396	C93154	PL4	2x	NA	NA	clean	24	NA	putDH	NA	.	.
CIP316601.179	MM397	397	C93154	PL4	2x	NA	NA	clean	24	NA	putDH	NA	.	.
CIP316601.180	MM398	398	C93154	PL4	2x	NA	NA	clean	24	NA	putDH	NA	.	.
CIP316601.181	MM399	399	C93154	PL4	2x	NA	NA	clean	24	NA	putDH	NA	.	.
CIP316601.182	MM400	400	C93154	PL4	2x	NA	NA	clean	24	NA	putDH	NA	.	.
CIP316601.183	MM401	401	C93154	PL4	2x	NA	NA	clean	24	NA	putDH	NA	.	.
CIP316601.184	MM402	402	C93154	PL4	2x	NA	NA	clean	24	NA	putDH	NA	.	.
CIP316601.185	MM403	403	C93154	PL4	2x	NA	NA	clean	24	NA	putDH	NA	.	.
CIP316601.186	MM404	404	C93154	PL4	NA	NA	NA	clean	24	NA	NA	NA	.	.
CIP316601.188	MM405	405	C93154	PL4	2x	NA	NA	clean	24	NA	putDH	NA	.	.
CIP316601.190	MM406	406	C93154	PL4	2x	NA	NA	clean	24	NA	putDH	NA	.	.
CIP316601.191	MM407	407	C93154	PL4	2x	NA	NA	clean	24	NA	putDH	NA	.	.
CIP316601.192	MM408	408	C93154	PL4	2x	NA	NA	clean	24	NA	putDH	NA	.	.
CIP316601.193	MM409	409	C93154	PL4	2x	NA	NA	clean	24	NA	putDH	NA	.	.
CIP316601.196	MM410	410	C93154	PL4	2x	NA	NA	clean	24	NA	putDH	NA	.	.
CIP316601.197	MM411	411	C93154	PL4	2x	NA	NA	clean	24	NA	putDH	NA	.	.
CIP316601.198	MM412	412	C93154	PL4	2x	NA	NA	clean	24	NA	putDH	NA	.	.
CIP316601.199	MM413	413	C93154	PL4	2x	NA	NA	clean	24	NA	putDH	NA	.	.
CIP316601.200	MM414	414	C93154	PL4	2x	NA	NA	clean	24	NA	putDH	NA	.	.
CIP316601.201	MM415	415	C93154	PL4	2x	2x mosaic else 3x or 4x	FALSE	2x-2L	23	non-inducer	putDH	SNP unclear	numerical	.
CIP316601.203	MM416	416	C93154	PL4	2x	NA	NA	clean	24	NA	putDH	NA	.	.
CIP316601.204	MM417	417	C93154	PL4	2x	NA	NA	2x+7S.7L	25	non-inducer	putDH	NA	numerical	.
CIP316601.206	MM418	418	C93154	PL4	2x	NA	NA	clean	24	NA	putDH	NA	.	.
CIP316601.207	MM419	419	C93154	PL4	2x	NA	NA	clean	24	NA	putDH	NA	.	.
CIP316601.208	MM420	420	C93154	PL4	2x	NA	NA	clean	24	NA	putDH	NA	.	.
CIP316601.209	MM421	421	C93154	PL4	2x	NA	NA	clean	24	NA	putDH	NA	.	.
CIP316601.210	MM422	422	C93154	PL4	2x	NA	NA	clean	24	NA	putDH	NA	.	.
CIP316601.211	MM423	423	C93154	PL4	2x	NA	NA	clean	24	NA	putDH	NA	.	.
CIP316601.212	MM424	424	C93154	PL4	2x	NA	NA	clean	24	NA	putDH	NA	.	.
CIP316601.213	MM425	425	C93154	PL4	2x	NA	NA	clean	24	NA	putDH	NA	.	.
CIP316601.214	MM426	426	C93154	PL4	2x	NA	NA	clean	24	NA	putDH	NA	.	.
CIP515505.001	MM427	427	LR00022	PL4	2x	NA	NA	NA	24	NA	putDH	SNP unclear	.	.
CIP515505.002	MM428	428	LR00022	PL4	2x	NA	NA	NA	24	NA	putDH	SNP unclear	.	.
CIP515505.003	MM429	429	LR00022	PL4	2x	NA	NA	clean	24	NA	putDH	NA	.	.
CIP515505.004	MM430	430	LR00022	PL4	2x	NA	NA	clean	24	NA	putDH	NA	.	.
CIP515505.005	MM431	431	LR00022	PL4	2x	NA	NA	clean	24	NA	putDH	NA	.	.
CIP515505.006	MM432	432	LR00022	PL4	2x	NA	NA	clean	24	NA	putDH	NA	.	.
CIP515505.007	MM433	433	LR00022	PL4	2x	NA	NA	clean	24	NA	putDH	NA	.	.
CIP515505.008	MM434	434	LR00022	PL4	2x	NA	NA	clean	24	NA	putDH	withhold	.	.
CIP515505.009	MM435	435	LR00022	PL4	2x	NA	NA	clean	24	NA	putDH	NA	.	.
CIP515505.010	MM436	436	LR00022	PL4	2x	NA	NA	clean	24	NA	putDH	NA	.	.
CIP515505.011	MM437	437	LR00022	PL4	2x	NA	NA	clean	24	NA	putDH	NA	.	.
CIP515505.012	MM438	438	LR00022	PL4	2x	NA	NA	clean	24	NA	putDH	NA	.	.
CIP515505.013	MM439	439	LR00022	PL4	2x	NA	NA	clean	24	NA	putDH	NA	.	.
CIP515505.014	MM440	440	LR00022	PL4	2x	NA	NA	clean	24	NA	putDH	NA	.	.
CIP515505.015	MM441	441	LR00022	PL4	2x	NA	NA	clean	24	NA	putDH	NA	.	.
CIP515505.016	MM442	442	LR00022	PL4	2x	NA	NA	clean	24	NA	putDH	NA	.	.
CIP515505.017	MM443	443	LR00022	PL4	2x	NA	NA	clean	24	NA	putDH	NA	.	.
CIP515505.018	MM444	444	LR00022	PL4	2x	NA	NA	clean	24	NA	putDH	NA	.	.
CIP515505.019	MM445	445	LR00022	PL4	2x	NA	NA	clean	24	NA	putDH	NA	.	.
CIP515505.020	MM446	446	LR00022	PL4	2x	NA	NA	clean	24	NA	putDH	NA	.	.
CIP515505.021	MM447	447	LR00022	PL4	2x	NA	NA	clean	24	NA	putDH	NA	.	.
CIP515505.022	MM448	448	LR00022	PL4	2x	NA	NA	clean	24	NA	putDH	NA	.	.
CIP515505.023	MM449	449	LR00022	PL4	2x	NA	NA	clean	24	NA	putDH	NA	.	.
CIP515505.024	MM450	450	LR00022	PL4	2x	NA	NA	clean	24	NA	putDH	NA	.	.
CIP515505.025	MM451	451	LR00022	PL4	2x	NA	NA	clean	24	NA	putDH	NA	.	.
CIP515505.026	MM452	452	LR00022	PL4	2x	NA	NA	clean	24	NA	putDH	NA	.	.
CIP515505.027	MM453	453	LR00022	PL4	2x	NA	NA	clean	24	NA	putDH	NA	.	.
CIP515505.028	MM454	454	LR00022	PL4	2x	NA	NA	clean	24	NA	putDH	NA	.	.
CIP515505.029	MM455	455	LR00022	PL4	2x	NA	NA	clean	24	NA	putDH	NA	.	.
CIP515505.030	MM456	456	LR00022	PL4	2x	NA	NA	clean	24	NA	putDH	NA	.	.
CIP515505.031	MM457	457	LR00022	PL4	2x	NA	NA	2x+10S.10L	25	non-inducer	putDH	NA	numerical	.
CIP515505.032	MM458	458	LR00022	PL4	2x	NA	NA	clean	24	NA	putDH	NA	.	.
CIP515505.033	MM459	459	LR00022	PL4	2x	NA	NA	clean	24	NA	putDH	NA	.	.
CIP515505.034	MM460	460	LR00022	PL4	2x	NA	NA	clean	24	NA	putDH	NA	.	.
CIP515505.035	MM461	461	LR00022	PL4	2x	NA	NA	clean	24	NA	putDH	NA	.	.
CIP515505.036	MM462	462	LR00022	PL4	2x	NA	NA	clean	24	NA	putDH	NA	.	.
CIP515505.037	MM463	463	LR00022	PL4	2x	NA	NA	clean	24	NA	putDH	NA	.	.
CIP515505.038	MM464	464	LR00022	PL4	2x	NA	NA	clean	24	NA	putDH	NA	.	.
CIP515505.039	MM465	465	LR00022	PL4	2x	NA	NA	clean	24	NA	putDH	NA	.	.
CIP515505.040	MM466	466	LR00022	PL4	2x	NA	NA	clean	24	NA	putDH	NA	.	.
CIP515505.041	MM467	467	LR00022	PL4	2x	NA	NA	clean	24	NA	putDH	NA	.	.
CIP515505.042	MM468	468	LR00022	PL4	2x	NA	NA	2x+1S.1L	25	non-inducer	putDH	NA	numerical	.
CIP515505.043	MM469	469	LR00022	PL4	2x	NA	NA	clean	24	NA	putDH	NA	.	.
CIP515505.044	MM470	470	LR00022	PL4	2x	NA	NA	clean	24	NA	putDH	NA	.	.
CIP515505.045	MM471	471	LR00022	PL4	2x	NA	NA	clean	24	NA	putDH	NA	.	.
CIP515505.046	MM472	472	LR00022	PL4	2x	NA	NA	clean	24	NA	putDH	NA	.	.
CIP515505.047	MM473	473	LR00022	PL4	2x	NA	NA	2x+10S.10L	25	non-inducer	putDH	NA	numerical	.
CIP515505.048	MM474	474	LR00022	PL4	2x	NA	NA	2x+7S.7L	25	non-inducer	putDH	NA	numerical	.
CIP515505.049	MM475	475	LR00022	PL4	2x	NA	NA	clean	24	NA	putDH	NA	.	.
CIP515505.050	MM476	476	LR00022	PL4	2x	NA	NA	clean	24	NA	putDH	NA	.	.
CIP515505.051	MM477	477	LR00022	PL4	2x	NA	NA	clean	24	NA	putDH	NA	.	.
CIP515505.052	MM478	478	LR00022	PL4	2x	NA	NA	clean	24	NA	putDH	NA	.	.
CIP515505.053	MM479	479	LR00022	PL4	2x	NA	NA	clean	24	NA	putDH	NA	.	.
CIP515505.054	MM480	480	LR00022	PL4	2x	NA	NA	clean	24	NA	putDH	NA	.	.
CIP515506.001	MM481	481	C01020	PL4	2x	NA	NA	clean	24	NA	putDH	NA	.	.
CIP515506.002	MM482	482	C01020	PL4	2x	NA	NA	clean	24	NA	putDH	NA	.	.
CIP515506.003	MM483	483	C01020	PL4	2x	NA	NA	clean	24	NA	putDH	NA	.	.
CIP515506.004	MM484	484	C01020	PL4	2x	NA	NA	clean	24	NA	putDH	NA	.	.
CIP515506.005	MM485	485	C01020	PL4	2x	NA	NA	clean	24	NA	putDH	NA	.	.
CIP515506.006	MM486	486	C01020	PL4	2x	NA	NA	clean	24	NA	putDH	NA	.	.
CIP515506.007	MM487	487	C01020	PL4	2x	NA	NA	clean	24	NA	putDH	NA	.	.
CIP515506.008	MM488	488	C01020	PL4	2x	NA	NA	clean	24	NA	putDH	NA	.	.
CIP515506.009	MM489	489	C01020	PL4	2x	NA	NA	clean	24	NA	putDH	NA	.	.
CIP515506.010	MM490	490	C01020	PL4	2x	NA	NA	clean	24	NA	putDH	NA	.	.
CIP515506.011	MM491	491	C01020	PL4	2x	NA	NA	clean	24	NA	putDH	NA	.	.
CIP515506.012	MM492	492	C01020	PL4	2x	NA	NA	clean	24	NA	putDH	NA	.	.
CIP515506.013	MM493	493	C01020	PL4	2x	NA	NA	clean	24	NA	putDH	NA	.	.
CIP515506.014	MM494	494	C01020	PL4	2x	NA	NA	clean	24	NA	putDH	NA	.	.
CIP515506.015	MM495	495	C01020	PL4	2x	NA	NA	2x+7S.7L	25	non-inducer	putDH	NA	numerical	.
CIP515504.001	MM496	496	C91640	PL4	2x	NA	NA	clean	24	NA	putDH	NA	.	.
CIP515504.002	MM497	497	C91640	PL4	2x	NA	NA	clean	24	NA	putDH	NA	.	.
CIP515504.003	MM498	498	C91640	PL4	2x	NA	NA	clean	24	NA	putDH	NA	.	.
CIP515504.004	MM499	499	C91640	PL4	2x	NA	NA	clean	24	NA	putDH	NA	.	.
CIP515504.005	MM500	500	C91640	PL4	2x	NA	NA	clean	24	NA	putDH	NA	.	.
CIP515504.006	MM501	501	C91640	PL4	2x	NA	NA	clean	24	NA	putDH	NA	.	.
CIP515504.007	MM502	502	C91640	PL4	2x	NA	NA	clean	24	NA	putDH	NA	.	.
CIP515504.008	MM503	503	C91640	PL4	2x	NA	NA	clean	24	NA	putDH	NA	.	.
CIP515504.009	MM504	504	C91640	PL4	2x	NA	NA	clean	24	NA	putDH	NA	.	.
CIP515504.010	MM505	505	C91640	PL4	2x	NA	NA	clean	24	NA	putDH	NA	.	.
CIP515504.011	MM506	506	C91640	PL4	2x	NA	NA	clean	24	NA	putDH	NA	.	.
CIP515504.012	MM507	507	C91640	PL4	2x	NA	NA	clean	24	NA	putDH	NA	.	.
CIP515504.013	MM508	508	C91640	PL4	2x	NA	NA	clean	24	NA	putDH	NA	.	.
CIP515504.014	MM509	509	C91640	PL4	2x	NA	NA	clean	24	NA	putDH	NA	.	.
CIP515504.015	MM510	510	C91640	PL4	2x	NA	NA	clean	24	NA	putDH	NA	.	.
CIP515504.016	MM511	511	C91640	PL4	2x	NA	NA	clean	24	NA	putDH	NA	.	.
CIP515504.017	MM512	512	C91640	PL4	2x	NA	NA	clean	24	NA	putDH	NA	.	.
CIP515504.018	MM513	513	C91640	PL4	2x	NA	NA	clean	24	NA	putDH	NA	.	.
CIP515504.019	MM514	514	C91640	PL4	2x	NA	NA	clean	24	NA	putDH	NA	.	.
CIP515504.020	MM515	515	C91640	PL4	2x	NA	NA	clean	24	NA	putDH	NA	.	.
CIP515504.021	MM516	516	C91640	PL4	2x	NA	NA	clean	24	NA	putDH	NA	.	.
CIP515504.022	MM517	517	C91640	PL4	2x	NA	NA	clean	24	NA	putDH	NA	.	.
CIP515504.023	MM518	518	C91640	PL4	2x	NA	NA	clean	24	NA	putDH	NA	.	.
CIP515504.024	MM519	519	C91640	PL4	2x	NA	NA	clean	24	NA	putDH	NA	.	.
CIP515504.025	MM520	520	C91640	PL4	2x	NA	NA	clean	24	NA	putDH	NA	.	.
CIP515504.026	MM521	521	C91640	PL4	2x	NA	NA	clean	24	NA	putDH	NA	.	.
CIP515504.027	MM522	522	C91640	PL4	2x	NA	NA	clean	24	NA	putDH	NA	.	.
CIP515504.028	MM523	523	C91640	PL4	2x	NA	NA	2x+12S.12L	25	inducer	putDH	shatter watch	numerical	.
CIP515504.029	MM524	524	C91640	PL4	2x	NA	NA	clean	24	NA	putDH	NA	.	.
CIP515504.030	MM525	525	C91640	PL4	2x	NA	NA	clean	24	NA	putDH	NA	.	.
CIP515504.031	MM526	526	C91640	PL4	2x	NA	NA	clean	24	NA	putDH	NA	.	.
CIP515504.032	MM527	527	C91640	PL4	2x	NA	NA	clean	24	NA	putDH	NA	.	.
CIP515504.033	MM528	528	C91640	PL4	2x	NA	NA	clean	24	NA	putDH	NA	.	.
CIP515504.034	MM529	529	C91640	PL4	2x	NA	NA	clean	24	NA	putDH	NA	.	.
CIP515504.035	MM530	530	C91640	PL4	2x	NA	NA	clean	24	NA	putDH	NA	.	.
CIP515504.036	MM531	531	C91640	PL4	2x	NA	NA	clean	24	NA	putDH	NA	.	.
CIP515504.037	MM532	532	C91640	PL4	2x	NA	NA	clean	24	NA	putDH	NA	.	.
CIP515504.038	MM533	533	C91640	PL4	2x	NA	NA	clean	24	NA	putDH	NA	.	.
CIP515504.039	MM534	534	C91640	PL4	2x	NA	NA	clean	24	NA	putDH	NA	.	.
CIP515504.040	MM535	535	C91640	PL4	2x	NA	NA	clean	24	NA	putDH	NA	.	.
CIP515504.041	MM536	536	C91640	PL4	2x	NA	NA	clean	24	NA	putDH	NA	.	.
CIP515504.042	MM537	537	C91640	PL4	2x	NA	NA	2x+12S.12L	25	inducer	putDH	shatter watch	numerical	.
CIP515504.043	MM538	538	C91640	PL4	2x	NA	NA	2x+10S.10L	25	non-inducer	putDH	NA	numerical	.
CIP515504.044	MM539	539	C91640	PL4	2x	NA	NA	clean	24	NA	putDH	NA	.	.
CIP515504.045	MM540	540	C91640	PL4	2x	NA	NA	clean	24	NA	putDH	NA	.	.
CIP515504.046	MM541	541	C91640	PL4	2x	NA	NA	clean	24	NA	putDH	NA	.	.
CIP515504.047	MM542	542	C91640	PL4	2x	NA	NA	clean	24	NA	putDH	NA	.	.
CIP515504.048	MM543	543	C91640	PL4	2x	NA	NA	clean	24	NA	putDH	NA	.	.
CIP515504.049	MM544	544	C91640	PL4	2x	NA	NA	clean	24	NA	putDH	NA	.	.
CIP515504.050	MM545	545	C91640	PL4	2x	NA	NA	clean	24	NA	putDH	NA	.	.
CIP515504.051	MM546	546	C91640	PL4	2x	NA	NA	2x+8S.8L+10S.10L	26	inducer	putDH	shatter watch	numerical	.
CIP515504.052	MM547	547	C91640	PL4	2x	NA	NA	clean	24	NA	putDH	NA	.	.
CIP515504.053	MM548	548	C91640	PL4	2x	NA	NA	clean	24	NA	putDH	NA	.	.
CIP515504.054	MM549	549	C91640	PL4	2x	NA	NA	clean	24	NA	putDH	NA	.	.
CIP515504.055	MM550	550	C91640	PL4	2x	NA	NA	clean	24	NA	putDH	NA	.	.
CIP515504.056	MM551	551	C91640	PL4	2x	NA	NA	clean	24	NA	putDH	NA	.	.
CIP515504.057	MM552	552	C91640	PL4	2x	NA	NA	clean	24	NA	putDH	NA	.	.
CIP515504.058	MM553	553	C91640	PL4	2x	NA	NA	clean	24	NA	putDH	NA	.	.
CIP515504.059	MM554	554	C91640	PL4	2x	NA	NA	clean	24	NA	putDH	NA	.	.
CIP515504.060	MM555	555	C91640	PL4	2x	NA	NA	clean	24	NA	putDH	NA	.	.
CIP515504.061	MM556	556	C91640	PL4	2x	NA	NA	clean	24	NA	putDH	NA	.	.
CIP515504.062	MM557	557	C91640	PL4	2x	NA	NA	clean	24	NA	putDH	NA	.	.
CIP515504.063	MM558	558	C91640	PL4	2x	NA	NA	clean	24	NA	putDH	NA	.	.
CIP515504.064	MM559	559	C91640	PL4	2x	NA	NA	clean	24	NA	putDH	NA	.	.
CIP515504.065	MM560	560	C91640	PL4	2x	NA	NA	clean	24	NA	putDH	NA	.	.
CIP515504.066	MM561	561	C91640	PL4	2x	NA	NA	clean	24	NA	putDH	NA	.	.
CIP515504.067	MM562	562	C91640	PL4	2x	NA	NA	clean	24	NA	putDH	NA	.	.
CIP515504.068	MM563	563	C91640	PL4	2x	NA	NA	2x+10S.10L	25	non-inducer	putDH	NA	numerical	.
CIP515504.069	MM564	564	C91640	PL4	2x	NA	NA	clean	24	NA	putDH	NA	.	.
CIP515504.070	MM565	565	C91640	PL4	2x	NA	NA	clean	24	NA	putDH	NA	.	.
CIP515504.071	MM566	566	C91640	PL4	2x	NA	NA	2x+2L	25	non-inducer	putDH	NA	numerical	.
CIP515504.072	MM567	567	C91640	PL4	2x	NA	NA	clean	24	NA	putDH	NA	.	.
CIP515504.073	MM568	568	C91640	PL4	2x	NA	NA	clean	24	NA	putDH	NA	.	.
CIP515504.074	MM569	569	C91640	PL4	2x	NA	NA	clean	24	NA	putDH	NA	.	.
CIP515504.075	MM570	570	C91640	PL4	2x	NA	NA	clean	24	NA	putDH	NA	.	.
CIP515504.076	MM571	571	C91640	PL4	2x	NA	NA	clean	24	NA	putDH	NA	.	.
CIP515504.077	MM572	572	C91640	PL4	2x	NA	NA	clean	24	NA	putDH	NA	.	.
CIP515504.078	MM573	573	C91640	PL4	2x	NA	NA	clean	24	NA	putDH	NA	.	.
CIP515504.079	MM574	574	C91640	PL4	2x	NA	NA	clean	24	NA	putDH	NA	.	.
CIP515504.080	MM575	575	C91640	PL4	2x	NA	NA	clean	24	NA	putDH	NA	.	.
CIP515504.081	MM576	576	C91640	PL4	2x	NA	NA	clean	24	NA	putDH	NA	.	.
CIP316601.016	MM577	577	C93154	PL4	2x	NA	NA	clean	24	NA	putDH	NA	.	.
CIP316608.001	MM578	578	C01020	PL4	2x	NA	NA	clean	24	NA	putDH	NA	.	.
CIP516002.001	MM579	579	LRY2125	IVP101	2x	NA	NA	clean	24	NA	putDH	NA	.	.
CIP516002.002	MM580	580	LRY2125	IVP101	2x	NA	NA	clean	24	NA	putDH	NA	.	.
CIP516002.003	MM581	581	LRY2125	IVP101	2x	NA	NA	clean	24	NA	putDH	NA	.	.
CIP516002.004	MM582	582	LRY2125	IVP101	4x	NA	NA	4x+complex1L-8L-10S.10L+complex12	NA	NA	PM	shatter watch	.	broken
CIP516002.005	MM583	583	LRY2125	IVP101	4x	NA	NA	4x-6L+7S-8L-9S+11L	NA	NA	atiPM	shatter watch	.	broken
CIP516002.006	MM584	584	LRY2125	IVP101	4x	NA	NA	4x-3S.3L-5L-8S.8L	NA	NA	atiPM	shatter watch	.	broken
CIP516002.007	MM585	585	LRY2125	IVP101	2x	NA	NA	clean	24	NA	atiPM	NA	.	.
CIP516002.008	MM586	586	LRY2125	IVP101	2x	NA	NA	clean	24	NA	putDH	NA	.	.
CIP316603.010	MM587	587	C93154	IVP101	2x	NA	NA	clean	24	NA	putDH	NA	.	.
CIP316603.011	MM588	588	C93154	IVP101	2x	NA	NA	clean	24	NA	putDH	NA	.	.
CIP316603.012	MM589	589	C93154	IVP101	2x	NA	NA	clean	24	NA	putDH	NA	.	.
CIP316603.013	MM590	590	C93154	IVP101	2x	NA	NA	clean	24	NA	putDH	NA	.	.
CIP316603.014	MM591	591	C93154	IVP101	2x	NA	NA	clean	24	NA	putDH	NA	.	.
CIP316603.015	MM592	592	C93154	IVP101	2x	NA	NA	clean	24	NA	putDH	NA	.	.
CIP316603.016	MM593	593	C93154	IVP101	2x	NA	NA	clean	24	NA	putDH	NA	.	.
CIP316603.017	MM594	594	C93154	IVP101	2x	NA	NA	clean	24	NA	putDH	NA	.	.
CIP316603.018	MM595	595	C93154	IVP101	2x	NA	NA	clean	24	NA	putDH	NA	.	.
CIP316603.019	MM596	596	C93154	IVP101	2x	NA	NA	clean	24	NA	putDH	NA	.	.
CIP316603.020	MM597	597	C93154	IVP101	2x	NA	NA	clean	24	NA	putDH	NA	.	.
CIP316603.021	MM598	598	C93154	IVP101	2x	NA	NA	clean	24	NA	putDH	NA	.	.
CIP316603.022	MM599	599	C93154	IVP101	2x	NA	NA	clean	24	NA	putDH	NA	.	.
CIP316603.023	MM600	600	C93154	IVP101	2x	NA	NA	clean	24	NA	putDH	NA	.	.
CIP316603.024	MM601	601	C93154	IVP101	2x	NA	NA	clean	24	NA	putDH	NA	.	.
CIP316603.025	MM602	602	C93154	IVP101	2x	NA	NA	clean	24	NA	putDH	NA	.	.
CIP316603.026	MM603	603	C93154	IVP101	2x	NA	NA	clean	24	NA	putDH	NA	.	.
CIP316603.027	MM604	604	C93154	IVP101	2x	NA	NA	clean	24	NA	putDH	NA	.	.
CIP316603.028	MM605	605	C93154	IVP101	2x	NA	NA	clean	24	NA	putDH	NA	.	.
CIP316603.029	MM606	606	C93154	IVP101	2x	NA	NA	clean	24	NA	putDH	NA	.	.
CIP316603.030	MM607	607	C93154	IVP101	2x	NA	NA	clean	24	NA	putDH	NA	.	.
CIP316603.031	MM608	608	C93154	IVP101	2x	NA	NA	clean	24	NA	putDH	NA	.	.
CIP316603.032	MM609	609	C93154	IVP101	2x	NA	NA	2x+10S.10L	25	non-inducer	putDH	NA	numerical	.
CIP316603.033	MM610	610	C93154	IVP101	2x	NA	NA	clean	24	NA	putDH	NA	.	.
CIP516005.001	MM611	611	LR93073	IVP101	2x	NA	NA	2x+mini4	25	NA	putDH	shatter watch; putative mini need to check whether unique	.	broken
CIP516005.002	MM612	612	LR93073	IVP101	2x	NA	NA	clean	24	NA	putDH	NA	.	.
CIP516005.003	MM613	613	LR93073	IVP101	2x	NA	NA	clean	24	NA	putDH	NA	.	.
CIP516005.004	MM614	614	LR93073	IVP101	2x	NA	NA	clean	24	NA	putDH	NA	.	.
CIP516005.005	MM615	615	LR93073	IVP101	2x	NA	NA	clean	24	NA	putDH	NA	.	.
CIP516005.006	MM616	616	LR93073	IVP101	2x	NA	NA	clean	24	NA	putDH	NA	.	.
CIP516005.007	MM617	617	LR93073	IVP101	2x	NA	NA	clean	24	NA	putDH	NA	.	.
CIP316341.001	MM618	618	WA104	IVP101	3x-4x	NA	NA	4x-1S.1L-2S.2L-5S.5L-7S.7L-8S.8L-12S.12L	NA	NA	atiPM	hypothesizing 4x	numerical	.
CIP516007.001	MM619	619	WA077	IVP101	2x	2x	TRUE	clean	24	NA	putDH	NA	.	.
CIP516007.002	MM620	620	WA077	IVP101	2x	2x	TRUE	clean	24	NA	putDH	NA	.	.
CIP516007.003	MM621	621	WA077	IVP101	2x	2x	TRUE	clean	24	NA	putDH	NA	.	.
CIP516007.004	MM622	622	WA077	IVP101	2x	2x	TRUE	clean	24	NA	putDH	NA	.	.
CIP516006.001	MM623	623	LR00014	IVP35	2x	NA	NA	clean	24	NA	putDH	recheck when I have better SNPs	.	.
CIP516006.002	MM624	624	LR00014	IVP35	2x	NA	NA	clean	24	NA	putDH	recheck when I have better SNPs	.	.
CIP516006.003	MM625	625	LR00014	IVP35	2x	NA	NA	clean	24	NA	putDH	recheck when I have better SNPs	.	.
CIP516006.004	MM626	626	LR00014	IVP35	2x	NA	NA	clean	24	NA	putDH	recheck when I have better SNPs	.	.
CIP516006.005	MM627	627	LR00014	IVP35	2x	NA	NA	2x+8S.8L	25	non-inducer	atiDH	recheck when I have better SNPs	numerical	.
CIP516006.006	MM628	628	LR00014	IVP35	2x	NA	NA	clean	24	NA	putDH	recheck when I have better SNPs	.	.
CIP516006.007	MM629	629	LR00014	IVP35	4x	NA	NA	4x-3S+6S.6L	NA	NA	PM	recheck when I have better SNPs	.	broken
CIP516006.008	MM630	630	LR00014	IVP35	4x	NA	NA	4x-1L-4L-6L+9L-12S	NA	NA	PM	recheck when I have better SNPs	.	broken
CIP516001.001	MM631	631	LRY357	IVP35	2x	NA	NA	NA	24	NA	putDH	withhold	.	.
CIP316330.001	MM632	632	Y84027	IVP35	2x	NA	NA	clean	24	NA	putDH	NA	.	.
CIP316336.001	MM633	633	93.003	IVP35	2x	NA	NA	clean	24	NA	putDH	NA	.	.
CIP316339.001	MM634	634	458	IVP35	2x	NA	NA	clean	24	NA	putDH	NA	.	.
CIP316339.002	MM635	635	458	IVP35	3x-4x	NA	NA	4x-5L-5L-7L-10S-11S-12S.12L	NA	NA	atiPM	shatter watch	.	broken
CIP316602.100	MM636	636	C93154	IVP35	2x	NA	NA	clean	24	NA	putDH	NA	.	.
CIP316602.101	MM637	637	C93154	IVP35	2x	NA	NA	clean	24	NA	putDH	NA	.	.
CIP316602.102	MM638	638	C93154	IVP35	4x	NA	NA	clean	24	NA	putDH	NA	.	.
CIP316602.103	MM639	639	C93154	IVP35	2x	NA	NA	clean	24	NA	putDH	NA	.	.
CIP316602.104	MM640	640	C93154	IVP35	2x	NA	NA	clean	24	NA	putDH	NA	.	.
CIP316602.105	MM641	641	C93154	IVP35	2x	NA	NA	clean	24	NA	putDH	NA	.	.
CIP316602.106	MM642	642	C93154	IVP35	2x	NA	NA	clean	24	NA	putDH	NA	.	.
CIP316602.107	MM643	643	C93154	IVP35	2x	NA	NA	clean	24	NA	putDH	NA	.	.
CIP316602.108	MM644	644	C93154	IVP35	2x	NA	NA	clean	24	NA	putDH	NA	.	.
CIP316602.109	MM645	645	C93154	IVP35	2x	NA	NA	clean	24	NA	putDH	NA	.	.
CIP316602.110	MM646	646	C93154	IVP35	2x	NA	NA	clean	24	NA	putDH	NA	.	.
CIP316602.111	MM647	647	C93154	IVP35	2x	NA	NA	clean	24	NA	putDH	NA	.	.
CIP316602.112	MM648	648	C93154	IVP35	2x	NA	NA	clean	24	NA	putDH	NA	.	.
CIP316602.113	MM649	649	C93154	IVP35	2x	NA	NA	clean	24	NA	putDH	NA	.	.
CIP316602.114	MM650	650	C93154	IVP35	2x	NA	NA	clean	24	NA	putDH	NA	.	.
CIP316602.115	MM651	651	C93154	IVP35	2x	NA	NA	2x+2L	25	non-inducer	putDH	NA	numerical	.
CIP316602.116	MM652	652	C93154	IVP35	2x	NA	NA	clean	24	NA	putDH	NA	.	.
CIP316602.117	MM653	653	C93154	IVP35	2x	NA	NA	clean	24	NA	putDH	NA	.	.
CIP316602.118	MM654	654	C93154	IVP35	2x	NA	NA	clean	24	NA	putDH	NA	.	.
CIP316602.119	MM655	655	C93154	IVP35	2x	NA	NA	clean	24	NA	putDH	NA	.	.
CIP316602.120	MM656	656	C93154	IVP35	2x	NA	NA	2x+9S.9L	25	non-inducer	putDH	NA	numerical	.
CIP316602.121	MM657	657	C93154	IVP35	2x	NA	NA	2x+8S.8L	25	non-inducer	putDH	NA	numerical	.
CIP316342.001	MM658	658	WA104	IVP35	2x	NA	NA	clean	24	NA	putDH	NA	.	.
CIP516004.001	MM659	659	WA077	IVP35	2x	2x	TRUE	clean	24	NA	putDH	NA	.	.
CIP516004.002	MM660	660	WA077	IVP35	2x	2x	TRUE	clean	24	NA	putDH	NA	.	.
CIP516004.003	MM661	661	WA077	IVP35	2x	2x	TRUE	clean	24	NA	putDH	NA	.	.
CIP516004.004	MM662	662	WA077	IVP35	2x	2x	TRUE	clean	24	NA	putDH	NA	.	.
CIP516004.005	MM663	663	WA077	IVP35	2x	2x	TRUE	clean	24	NA	putDH	NA	.	.
CIP516004.006	MM664	664	WA077	IVP35	2x	2x	TRUE	clean	24	NA	putDH	NA	.	.
CIP516004.007	MM665	665	WA077	IVP35	4x	3x	FALSE	clean	24	NA	PM	NA	.	.
CIP516004.008	MM666	666	WA077	IVP35	3x-4x	4x	FALSE	4x-3S.3L	NA	non-inducer	PM	NA	numerical	.
CIP516004.009	MM667	667	WA077	IVP35	4x	4x	TRUE	4x-1L	NA	inducer	PM	shatter watch	.	broken
CIP516004.010	MM668	668	WA077	IVP35	4x	4x	TRUE	clean	NA	NA	PM	NA	.	.
CIP516004.011	MM669	669	WA077	IVP35	2x	2x	TRUE	2x+6S.6L	25	non-inducer	putDH	NA	numerical	.
CIP516004.012	MM670	670	WA077	IVP35	2x	NA	NA	NA	24	NA	putDH	NA	.	.
CIP516004.013	MM671	671	WA077	IVP35	4x	4x	TRUE	clean	NA	NA	PM	NA	.	.
CIP516004.014	MM672	672	WA077	IVP35	2x	2x	TRUE	2x+9S.9L	25	non-inducer	putDH	NA	numerical	.
CIP516004.015	MM673	673	WA077	IVP35	4x	4x	TRUE	4x-2L-6L-11L	NA	inducer	PM	shatter watch	.	broken
CIP366612.001	MM674	674	WA073	IVP35	2x	NA	NA	NA	24	NA	putDH	withhold	.	.
CIP366612.002	MM675	675	WA073	IVP35	2x	NA	NA	NA	24	NA	putDH	withhold	.	.
CIP516003.001	MM676	676	Atlantic	IVP35	2x	2x	TRUE	clean	24	NA	putDH	NA	.	.
CIP516008.001	MM677	677	LR00014	PL4	2x	2x	TRUE	clean	24	NA	atiDH	NA	.	.
CIP516008.002	MM678	678	LR00014	PL4	2x	2x	TRUE	clean	24	NA	putDH	NA	.	.
CIP516008.003	MM679	679	LR00014	PL4	2x	2x	TRUE	clean	24	NA	putDH	NA	.	.
CIP516008.004	MM680	680	LR00014	PL4	4x	4x	TRUE	4x-3L	NA	inducer	PM	shatter watch	.	broken
CIP516008.005	MM681	681	LR00014	PL4	2x	2x	TRUE	clean	24	NA	putDH	NA	.	.
CIP516008.006	MM682	682	LR00014	PL4	2x	2x	TRUE	clean	24	NA	putDH	NA	.	.
CIP516008.007	MM683	683	LR00014	PL4	2x	2x	TRUE	clean	24	NA	putDH	NA	.	.
CIP516008.008	MM684	684	LR00014	PL4	3x	3x	TRUE	clean	24	NA	PM	NA	.	.
CIP516008.009	MM685	685	LR00014	PL4	2x	2x	TRUE	clean	24	NA	putDH	NA	.	.
CIP516008.010	MM686	686	LR00014	PL4	2x	2x	TRUE	clean	24	NA	putDH	NA	.	.
CIP516008.011	MM687	687	LR00014	PL4	2x	2x	TRUE	clean	24	NA	putDH	NA	.	.
CIP516008.012	MM688	688	LR00014	PL4	2x	2x	TRUE	clean	24	NA	putDH	NA	.	.
CIP316336.010	MM689	689	93.003	IVP35	2x	NA	NA	clean	24	NA	putDH	NA	.	.
CIP316336.011	MM690	690	93.003	IVP35	2x	NA	NA	clean	24	NA	putDH	NA	.	.
CIP316336.012	MM691	691	93.003	IVP35	2x	NA	NA	2x+10S.10L	25	non-inducer	putDH	NA	numerical	.
CIP316336.013	MM692	692	93.003	IVP35	2x	NA	NA	clean	24	NA	putDH	NA	.	.
CIP316336.014	MM693	693	93.003	IVP35	2x	NA	NA	clean	24	NA	putDH	NA	.	.
CIP316336.015	MM694	694	93.003	IVP35	2x	NA	NA	clean	24	NA	putDH	NA	.	.
CIP316336.016	MM695	695	93.003	IVP35	2x	NA	NA	clean	24	NA	putDH	NA	.	.
CIP316336.017	MM696	696	93.003	IVP35	2x	NA	NA	2x+5S.5L	25	non-inducer	putDH	NA	numerical	.
CIP316336.018	MM697	697	93.003	IVP35	2x	NA	NA	NA	24	NA	putDH	withhold	.	.
CIP316336.019	MM698	698	93.003	IVP35	2x	NA	NA	clean	24	NA	putDH	NA	.	.
CIP316336.020	MM699	699	93.003	IVP35	2x	NA	NA	clean	24	NA	putDH	NA	.	.
CIP316336.021	MM700	700	93.003	IVP35	2x	NA	NA	clean	24	NA	putDH	NA	.	.
CIP316336.022	MM701	701	93.003	IVP35	2x	NA	NA	clean	24	NA	putDH	NA	.	.
CIP316336.023	MM702	702	93.003	IVP35	2x	NA	NA	NA	24	NA	putDH	withhold	.	.
CIP316336.024	MM703	703	93.003	IVP35	2x	NA	NA	2x+1S.1L	25	non-inducer	atiDH	NA	numerical	.
CIP316336.025	MM704	704	93.003	IVP35	2x	NA	NA	clean	24	NA	putDH	NA	.	.
CIP316336.026	MM705	705	93.003	IVP35	2x	NA	NA	NA	24	NA	putDH	withhold	.	.
CIP316336.027	MM706	706	93.003	IVP35	2x	NA	NA	NA	24	NA	putDH	withhold	.	.
CIP316336.028	MM707	707	93.003	IVP35	2x	NA	NA	clean	24	NA	putDH	withhold	.	.
CIP316336.029	MM708	708	93.003	IVP35	3x	NA	NA	3x-7L	35	NA	atiPM	snps noisy; shatter watch	.	.
CIP316336.030	MM709	709	93.003	IVP35	4x	NA	NA	4x-1L-3L-7L-12L	NA	NA	atiPM	snps noisy; shatter watch	.	broken
CIP316339.010	MM710	710	458	IVP35	2x	NA	NA	clean	24	NA	putDH	NA	.	.
CIP316339.011	MM711	711	458	IVP35	2x	NA	NA	2x+complex6	25	NA	putDH	NA	.	broken
CIP316339.012	MM712	712	458	IVP35	2x	NA	NA	clean	24	NA	putDH	NA	.	.
CIP316339.013	MM713	713	458	IVP35	2x	NA	NA	2x+2S.2L	25	NA	putDH	NA	numerical	.
CIP316602.150	MM714	714	C93154	IVP35	2x	NA	NA	NA	24	NA	putDH	withhold	.	.
CIP316602.151	MM715	715	C93154	IVP35	2x	NA	NA	clean	24	NA	putDH	NA	.	.
CIP316602.152	MM716	716	C93154	IVP35	2x	NA	NA	2x+4S.4L	25	non-inducer	putDH	NA	numerical	.
CIP316602.153	MM717	717	C93154	IVP35	2x	NA	NA	clean	24	NA	putDH	NA	.	.
CIP316602.154	MM718	718	C93154	IVP35	2x	NA	NA	clean	24	NA	putDH	NA	.	.
CIP316602.155	MM719	719	C93154	IVP35	2x	NA	NA	clean	24	NA	putDH	NA	.	.
CIP316602.156	MM720	720	C93154	IVP35	2x	NA	NA	NA	24	NA	putDH	withhold	.	.
CIP316602.157	MM721	721	C93154	IVP35	2x	NA	NA	clean	24	NA	putDH	NA	.	.
CIP316602.158	MM722	722	C93154	IVP35	2x	NA	NA	NA	24	NA	putDH	withhold	.	.
CIP316602.159	MM723	723	C93154	IVP35	2x	NA	NA	clean	24	NA	putDH	NA	.	.
CIP316602.160	MM724	724	C93154	IVP35	2x	NA	NA	clean	24	NA	putDH	NA	.	.
CIP316602.161	MM725	725	C93154	IVP35	2x	NA	NA	clean	24	NA	putDH	NA	.	.
CIP316602.162	MM726	726	C93154	IVP35	2x	NA	NA	clean	24	NA	putDH	NA	.	.
CIP316602.163	MM727	727	C93154	IVP35	2x	NA	NA	clean	24	NA	putDH	NA	.	.
CIP316602.164	MM728	728	C93154	IVP35	2x	NA	NA	2x+2L	25	NA	putDH	withhold	numerical	.
CIP316602.165	MM729	729	C93154	IVP35	2x	NA	NA	NA	24	NA	putDH	withhold	.	.
CIP316602.166	MM730	730	C93154	IVP35	2x	NA	NA	NA	24	NA	putDH	withhold	.	.
CIP316602.167	MM731	731	C93154	IVP35	2x	NA	NA	clean	24	NA	putDH	withhold	.	.
CIP316602.168	MM732	732	C93154	IVP35	2x	NA	NA	clean	24	NA	putDH	NA	.	.
CIP316602.169	MM733	733	C93154	IVP35	2x	NA	NA	clean	24	NA	putDH	NA	.	.
CIP316602.170	MM734	734	C93154	IVP35	2x	NA	NA	clean	24	NA	putDH	NA	.	.
CIP316602.171	MM735	735	C93154	IVP35	2x	NA	NA	2x+5S.5L	25	non-inducer	putDH	NA	numerical	.
CIP316602.172	MM736	736	C93154	IVP35	2x	NA	NA	clean	24	NA	putDH	NA	.	.
CIP316602.173	MM737	737	C93154	IVP35	2x	NA	NA	clean	24	NA	putDH	NA	.	.
CIP316602.174	MM738	738	C93154	IVP35	2x	NA	NA	NA	24	NA	putDH	NA	.	.
CIP316602.175	MM739	739	C93154	IVP35	2x	NA	NA	clean	24	NA	putDH	NA	.	.
CIP316602.176	MM740	740	C93154	IVP35	2x	NA	NA	clean	24	NA	putDH	NA	.	.
CIP316602.177	MM741	741	C93154	IVP35	2x	NA	NA	NA	24	NA	putDH	withhold	.	.
CIP316602.178	MM742	742	C93154	IVP35	2x	NA	NA	clean	24	NA	putDH	NA	.	.
CIP316602.179	MM743	743	C93154	IVP35	2x	NA	NA	clean	24	NA	putDH	NA	.	.
CIP316602.180	MM744	744	C93154	IVP35	2x	NA	NA	clean	24	NA	putDH	NA	.	.
CIP316602.181	MM745	745	C93154	IVP35	2x	NA	NA	clean	24	NA	putDH	NA	.	.
CIP316602.182	MM746	746	C93154	IVP35	2x	NA	NA	NA	24	NA	putDH	withhold	.	.
CIP316602.183	MM747	747	C93154	IVP35	2x	NA	NA	clean	24	NA	putDH	NA	.	.
CIP316602.184	MM748	748	C93154	IVP35	2x	NA	NA	clean	24	NA	putDH	NA	.	.
CIP316602.185	MM749	749	C93154	IVP35	2x	NA	NA	clean	24	NA	putDH	NA	.	.
CIP316602.186	MM750	750	C93154	IVP35	4x	NA	NA	clean	24	NA	atiDH	NA	.	.
CIP316602.187	MM751	751	C93154	IVP35	2x	NA	NA	NA	24	NA	putDH	withhold	.	.
CIP316602.188	MM752	752	C93154	IVP35	2x	NA	NA	NA	24	NA	putDH	withhold	.	.
CIP316602.189	MM753	753	C93154	IVP35	2x	NA	NA	clean	24	NA	putDH	NA	.	.
CIP316602.190	MM754	754	C93154	IVP35	2x	NA	NA	clean	24	NA	putDH	NA	.	.
CIP316602.191	MM755	755	C93154	IVP35	2x	NA	NA	clean	24	NA	putDH	NA	.	.
CIP316602.192	MM756	756	C93154	IVP35	2x	NA	NA	clean	24	NA	putDH	NA	.	.
CIP316602.193	MM757	757	C93154	IVP35	2x	NA	NA	NA	24	NA	putDH	withhold	.	.
CIP316602.194	MM758	758	C93154	IVP35	2x	NA	NA	clean	24	NA	putDH	withhold	.	.
CIP316602.195	MM759	759	C93154	IVP35	2x	NA	NA	clean	24	NA	putDH	NA	.	.
CIP316602.196	MM760	760	C93154	IVP35	2x	NA	NA	NA	24	NA	putDH	withhold	.	.
CIP316602.197	MM761	761	C93154	IVP35	2x	NA	NA	clean	24	NA	putDH	withhold	.	.
CIP316602.198	MM762	762	C93154	IVP35	2x	NA	NA	clean	24	NA	putDH	NA	.	.
CIP316602.199	MM763	763	C93154	IVP35	2x	NA	NA	clean	24	NA	putDH	NA	.	.
CIP316602.200	MM764	764	C93154	IVP35	2x	NA	NA	clean	24	NA	putDH	NA	.	.
CIP316602.201	MM765	765	C93154	IVP35	2x	NA	NA	2x+10S.10L	25	non-inducer	putDH	NA	numerical	.
CIP316602.202	MM766	766	C93154	IVP35	2x	NA	NA	clean	24	NA	putDH	NA	.	.
CIP316602.203	MM767	767	C93154	IVP35	2x	NA	NA	NA	24	NA	putDH	withhold	.	.
CIP316602.204	MM768	768	C93154	IVP35	2x	NA	NA	clean	24	NA	putDH	NA	.	.
CIP316602.205	MM769	769	C93154	IVP35	4x	NA	NA	clean	24	NA	putDH	NA	.	.
CIP316602.206	MM770	770	C93154	IVP35	2x	NA	NA	clean	24	NA	putDH	NA	.	.
CIP316602.207	MM771	771	C93154	IVP35	2x	NA	NA	clean	24	NA	putDH	NA	.	.
CIP316602.208	MM772	772	C93154	IVP35	2x	NA	NA	clean	24	NA	putDH	NA	.	.
CIP316602.209	MM773	773	C93154	IVP35	2x	NA	NA	2x+1S.1L	25	non-inducer	putDH	NA	numerical	.
CIP316602.210	MM774	774	C93154	IVP35	2x	NA	NA	2x+4S.4L+5S.5L+6S.6L	27	inducer	putDH	shatter watch	numerical	.
CIP316602.211	MM775	775	C93154	IVP35	2x	NA	NA	NA	24	NA	putDH	withhold	.	.
CIP316602.212	MM776	776	C93154	IVP35	2x	NA	NA	clean	24	NA	putDH	NA	numerical	.
CIP316602.213	MM777	777	C93154	IVP35	2x	NA	NA	2x-12S.12L	23	non-inducer	putDH	NA	numerical	.
CIP316602.214	MM778	778	C93154	IVP35	2x	NA	NA	2x-11S.11L	23	non-inducer	atiDH	NA	.	.
CIP316602.215	MM779	779	C93154	IVP35	2x	NA	NA	clean	24	NA	putDH	NA	.	.
CIP316342.010	MM780	780	WA104	IVP35	2x	NA	NA	clean	24	NA	putDH	NA	.	.
CIP516004.050	MM781	781	WA077	IVP35	2x	2x	TRUE	clean	24	NA	putDH	NA	.	.
CIP516004.051	MM782	782	WA077	IVP35	2x	2x	TRUE	clean	24	NA	atiDH	NA	.	.
CIP516004.052	MM783	783	WA077	IVP35	2x	NA	NA	NA	24	NA	putDH	withhold	.	.
CIP516004.053	MM784	784	WA077	IVP35	2x	2x	TRUE	clean	24	NA	putDH	NA	.	.
CIP516004.054	MM785	785	WA077	IVP35	2x	2x	TRUE	clean	24	NA	putDH	NA	.	.
CIP516004.055	MM786	786	WA077	IVP35	2x	2x	TRUE	clean	24	NA	putDH	NA	.	.
CIP516004.056	MM787	787	WA077	IVP35	2x	2x	TRUE	2x+2S.2L	25	non-inducer	putDH	NA	numerical	.
CIP516004.057	MM788	788	WA077	IVP35	2x	2x	TRUE	clean	24	NA	putDH	NA	.	.
CIP516004.058	MM789	789	WA077	IVP35	2x	2x	TRUE	clean	24	NA	putDH	NA	.	.
CIP516004.059	MM790	790	WA077	IVP35	2x	2x	TRUE	clean	24	NA	putDH	NA	.	.
CIP516004.060	MM791	791	WA077	IVP35	2x	2x	TRUE	clean	24	NA	putDH	NA	.	.
CIP516004.061	MM792	792	WA077	IVP35	2x	2x	TRUE	clean	24	NA	putDH	NA	.	.
CIP516004.062	MM793	793	WA077	IVP35	2x	2x	TRUE	clean	24	NA	putDH	NA	.	.
CIP516004.063	MM794	794	WA077	IVP35	2x	2x	TRUE	clean	24	NA	putDH	NA	.	.
CIP516004.064	MM795	795	WA077	IVP35	2x	2x	TRUE	clean	24	NA	putDH	NA	.	.
CIP516004.065	MM796	796	WA077	IVP35	2x	2x	TRUE	clean	24	NA	putDH	NA	.	.
CIP516004.066	MM797	797	WA077	IVP35	2x	2x	TRUE	clean	24	NA	putDH	NA	.	.
CIP516004.067	MM798	798	WA077	IVP35	2x	2x	TRUE	clean	24	NA	putDH	NA	.	.
CIP516004.068	MM799	799	WA077	IVP35	2x	2x	TRUE	clean	24	NA	putDH	NA	.	.
CIP516004.069	MM800	800	WA077	IVP35	2x	2x	TRUE	clean	24	NA	putDH	NA	.	.
CIP516004.070	MM801	801	WA077	IVP35	2x	2x	TRUE	clean	24	NA	putDH	NA	.	.
CIP516004.071	MM802	802	WA077	IVP35	2x	2x	TRUE	clean	24	NA	putDH	NA	.	.
CIP516004.072	MM803	803	WA077	IVP35	2x	2x	TRUE	clean	24	NA	putDH	NA	.	.
CIP516004.073	MM804	804	WA077	IVP35	2x	2x	TRUE	clean	24	NA	putDH	NA	.	.
CIP516004.074	MM805	805	WA077	IVP35	2x	2x	TRUE	2x+11S.11L	25	non-inducer	putDH	NA	numerical	.
CIP516004.075	MM806	806	WA077	IVP35	2x	2x	TRUE	clean	24	NA	putDH	NA	.	.
CIP516004.076	MM807	807	WA077	IVP35	2x	2x	TRUE	clean	24	NA	putDH	NA	.	.
CIP516004.077	MM808	808	WA077	IVP35	2x	2x	TRUE	clean	24	NA	putDH	NA	.	.
CIP516004.078	MM809	809	WA077	IVP35	2x	2x	TRUE	clean	24	NA	putDH	NA	.	.
CIP516004.079	MM810	810	WA077	IVP35	2x	2x	TRUE	clean	24	NA	putDH	NA	.	.
CIP516004.080	MM811	811	WA077	IVP35	2x	2x	TRUE	clean	24	NA	putDH	NA	.	.
CIP516004.081	MM812	812	WA077	IVP35	2x	2x	TRUE	clean	24	NA	putDH	NA	.	.
CIP516004.082	MM813	813	WA077	IVP35	4x	NA	NA	4x-7S.7L+8S.8L	NA	non-inducer	putDH	not a hybrid	numerical	.
CIP516004.083	MM814	814	WA077	IVP35	2x	2x	TRUE	clean	24	NA	putDH	NA	.	.
CIP516004.084	MM815	815	WA077	IVP35	2x	2x	TRUE	clean	24	NA	putDH	NA	.	.
CIP516004.085	MM816	816	WA077	IVP35	2x	2x	TRUE	clean	24	NA	putDH	NA	.	.
CIP516004.086	MM817	817	WA077	IVP35	2x	2x	TRUE	clean	24	NA	putDH	NA	.	.
CIP516004.087	MM818	818	WA077	IVP35	2x	2x	TRUE	clean	24	NA	putDH	NA	.	.
CIP516004.088	MM819	819	WA077	IVP35	2x	2x	TRUE	clean	24	NA	putDH	NA	.	.
CIP516004.089	MM820	820	WA077	IVP35	2x	2x	TRUE	clean	24	NA	putDH	NA	.	.
CIP516004.090	MM821	821	WA077	IVP35	2x	2x	TRUE	clean	24	NA	putDH	NA	.	.
CIP516004.091	MM822	822	WA077	IVP35	3x	2x	FALSE	2x+5S.5L	25	non-inducer	atiDH	NA	numerical	.
CIP516004.092	MM823	823	WA077	IVP35	4x	2x	FALSE	clean	24	NA	atiPM	NA	.	.
CIP516004.093	MM824	824	WA077	IVP35	2x	2x	TRUE	2x+9S.9L	25	non-inducer	putDH	NA	numerical	.
CIP516004.094	MM825	825	WA077	IVP35	2x	2x	TRUE	2x+3S.3L	25	non-inducer	putDH	NA	numerical	.
CIP516004.095	MM826	826	WA077	IVP35	2x	2x	TRUE	clean	24	NA	putDH	NA	.	.
CIP516004.096	MM827	827	WA077	IVP35	2x	2x	TRUE	clean	24	NA	putDH	NA	.	.
CIP516004.097	MM828	828	WA077	IVP35	2x	2x	TRUE	clean	24	NA	putDH	NA	.	.
CIP516004.098	MM829	829	WA077	IVP35	2x	2x	TRUE	clean	24	NA	putDH	NA	.	.
CIP516004.099	MM830	830	WA077	IVP35	2x	2x	TRUE	clean	24	NA	putDH	NA	.	.
CIP516004.100	MM831	831	WA077	IVP35	2x	2x	TRUE	clean	24	NA	putDH	NA	.	.
CIP516004.101	MM832	832	WA077	IVP35	4x	4x	TRUE	4x-5S.5L	NA	non-inducer	PM	NA	numerical	.
CIP516004.102	MM833	833	WA077	IVP35	3x	3x	TRUE	clean	24	NA	PM	NA	.	.
CIP516004.103	MM834	834	WA077	IVP35	4x	4x	TRUE	4x+complex6L	NA	inducer	atiPM	shatter watch; excess of rearranged inducer chrom	.	.
CIP516004.104	MM835	835	WA077	IVP35	4x	4x	TRUE	4x-1L-8S.8L	NA	-1L inducer -8S.8L non-inducer	PM	shatter watch	numerical	broken
CIP516004.105	MM836	836	WA077	IVP35	4x	4x	TRUE	4x-7L	NA	inducer	PM	NA	.	broken
CIP516004.106	MM837	837	WA077	IVP35	4x	4x	TRUE	4x-2L	NA	inducer	atiPM	NA	numerical	.
CIP516004.107	MM838	838	WA077	IVP35	4x	4x	TRUE	4x-3S.3L-6S.6L-6S.6L+8S.8L-12S.12L	NA	-3S.3L non-inducer -6S.6L non-inducer -6S.6L non-inducer +8S.8L non-inducer -12S.12L non-inducer	atiPM	severe female aneuploidy; 1 of 2 postembryonic maternal elimination	numerical	.
CIP516003.010	MM839	839	Atlantic	IVP35	2x	2x	TRUE	clean	24	NA	putDH	NA	.	.
CIP516003.011	MM840	840	Atlantic	IVP35	2x	2x	TRUE	clean	24	NA	putDH	NA	.	.
CIP516003.012	MM841	841	Atlantic	IVP35	2x	2x	TRUE	clean	24	NA	putDH	NA	.	.
CIP516008.020	MM842	842	LR00014	PL4	2x	2x	TRUE	2x+8S.8L	25	non-inducer	putDH	NA	numerical	.
CIP316610.100	MM843	843	LR00022	PL4	4x	NA	NA	clean	24	NA	PM	withhold	.	.
CIP316610.101	MM844	844	LR00022	PL4	2x	NA	NA	clean	24	NA	putDH	withhold	.	.
CIP316610.102	MM845	845	LR00022	PL4	2x	NA	NA	2x+3S.3L	25	non-inducer	putDH	NA	numerical	.
CIP316611.100	MM846	846	C91640	PL4	2x	NA	NA	NA	24	NA	putDH	withhold	.	.
CIP316611.101	MM847	847	C91640	PL4	2x	NA	NA	NA	24	NA	putDH	clean by dosage; snp too noisy to tell	.	.
CIP316611.102	MM848	848	C91640	PL4	2x	NA	NA	clean	24	NA	putDH	NA	.	.
CIP316611.103	MM849	849	C91640	PL4	2x	NA	NA	clean	24	NA	putDH	withhold	.	.
CIP316611.104	MM850	850	C91640	PL4	2x	NA	NA	clean	24	NA	putDH	NA	.	.
CIP516022.001	MM851	851	Y84027	PL4	2x	NA	NA	clean	24	NA	putDH	NA	.	.
CIP516022.002	MM852	852	Y84027	PL4	2x	NA	NA	clean	24	NA	putDH	NA	.	.
CIP516022.003	MM853	853	Y84027	PL4	4x	NA	NA	4x+complex8-11L-12S.12L	NA	NA	atiPM	shatter watch	.	broken
CIP516021.001	MM854	854	93.003	PL4	2x	NA	NA	clean	24	NA	atiDH	NA	.	.
CIP516021.002	MM855	855	93.003	PL4	2x	NA	NA	clean	24	NA	putDH	NA	.	.
CIP516021.003	MM856	856	93.003	PL4	2x	NA	NA	clean	24	NA	putDH	NA	.	.
CIP516021.004	MM857	857	93.003	PL4	2x	NA	NA	clean	24	NA	putDH	NA	.	.
CIP516021.005	MM858	858	93.003	PL4	2x	NA	NA	clean	24	NA	putDH	NA	.	.
CIP516021.006	MM859	859	93.003	PL4	2x	NA	NA	clean	24	NA	putDH	NA	.	.
CIP516021.007	MM860	860	93.003	PL4	2x	NA	NA	clean	24	NA	putDH	NA	.	.
CIP516021.008	MM861	861	93.003	PL4	2x	NA	NA	clean	24	NA	putDH	NA	.	.
CIP516021.009	MM862	862	93.003	PL4	2x	NA	NA	clean	24	NA	putDH	NA	.	.
CIP516021.010	MM863	863	93.003	PL4	2x	NA	NA	clean	24	NA	putDH	NA	.	.
CIP516021.011	MM864	864	93.003	PL4	2x	NA	NA	2x+complex5	25	non-inducer	putDH	NA; shatter watch	.	broken
CIP516021.012	MM865	865	93.003	PL4	2x	NA	NA	NA	24	NA	putDH	withhold	.	.
CIP516021.013	MM866	866	93.003	PL4	2x	NA	NA	clean	24	NA	putDH	NA	.	.
CIP516021.014	MM867	867	93.003	PL4	2x	NA	NA	clean	24	NA	putDH	NA	.	.
CIP516021.015	MM868	868	93.003	PL4	2x	NA	NA	clean	24	NA	putDH	NA	.	.
CIP516021.016	MM869	869	93.003	PL4	2x	NA	NA	NA	24	NA	putDH	withhold	.	.
CIP516021.017	MM870	870	93.003	PL4	2x	NA	NA	clean	24	NA	putDH	NA	.	.
CIP516021.018	MM871	871	93.003	PL4	2x	NA	NA	NA	24	NA	putDH	withhold	.	.
CIP516021.019	MM872	872	93.003	PL4	2x	NA	NA	clean	24	NA	putDH	NA	.	.
CIP516021.020	MM873	873	93.003	PL4	2x	NA	NA	clean	24	NA	atiDH	NA	.	.
CIP516021.021	MM874	874	93.003	PL4	2x	NA	NA	clean	24	NA	putDH	NA	.	.
CIP516021.022	MM875	875	93.003	PL4	2x	NA	NA	clean	24	NA	putDH	withhold	.	.
CIP316601.250	MM876	876	C93154	PL4	4x	NA	NA	4x+11S.11L	NA	non-inducer	putDH	not a hybrid	numerical	.
CIP316601.251	MM877	877	C93154	PL4	2x	NA	NA	clean	24	NA	putDH	NA	.	.
CIP316601.252	MM878	878	C93154	PL4	2x	NA	NA	clean	24	NA	putDH	NA	.	.
CIP316601.253	MM879	879	C93154	PL4	2x	NA	NA	NA	24	NA	putDH	withhold	.	.
CIP316601.254	MM880	880	C93154	PL4	2x	NA	NA	clean	24	NA	putDH	NA	.	.
CIP316601.255	MM881	881	C93154	PL4	2x	NA	NA	NA	24	NA	putDH	withhold	.	.
CIP316601.256	MM882	882	C93154	PL4	2x	NA	NA	NA	24	NA	putDH	withhold	.	.
CIP316601.257	MM883	883	C93154	PL4	2x	NA	NA	clean	24	NA	putDH	NA	.	.
CIP316601.258	MM884	884	C93154	PL4	2x	NA	NA	clean	24	NA	putDH	NA	.	.
CIP316601.259	MM885	885	C93154	PL4	2x	NA	NA	clean	24	NA	putDH	withhold	.	.
CIP316601.260	MM886	886	C93154	PL4	2x	NA	NA	clean	24	NA	putDH	NA	.	.
CIP316601.261	MM887	887	C93154	PL4	2x	NA	NA	clean	24	NA	putDH	NA	.	.
CIP316601.262	MM888	888	C93154	PL4	2x	NA	NA	clean	24	NA	putDH	NA	.	.
CIP316601.263	MM889	889	C93154	PL4	2x	NA	NA	clean	24	NA	putDH	NA	.	.
CIP316601.264	MM890	890	C93154	PL4	2x	NA	NA	2x+5S	25	inducer	putDH	shatter watch; Not enough signal with current sequencing depth. Check higher coverage MM890 reads.	.	broken
CIP316601.265	MM891	891	C93154	PL4	2x	NA	NA	clean	24	NA	putDH	withhold	.	.
CIP316601.266	MM892	892	C93154	PL4	2x	NA	NA	clean	24	NA	putDH	NA	.	.
CIP316601.267	MM893	893	C93154	PL4	2x	NA	NA	clean	24	NA	atiPM	NA	.	.
CIP316601.268	MM894	894	C93154	PL4	2x	NA	NA	2x+5S.5L	25	non-inducer	putDH	NA	numerical	.
CIP316601.269	MM895	895	C93154	PL4	2x	NA	NA	NA	24	NA	putDH	withhold	.	.
CIP316601.270	MM896	896	C93154	PL4	2x	NA	NA	clean	24	NA	putDH	NA	.	.
CIP316601.271	MM897	897	C93154	PL4	2x	NA	NA	clean	24	NA	putDH	NA	.	.
CIP316601.272	MM898	898	C93154	PL4	2x	NA	NA	clean	24	NA	putDH	NA	.	.
CIP316601.273	MM899	899	C93154	PL4	2x	NA	NA	clean	24	NA	putDH	NA	.	.
CIP316601.274	MM900	900	C93154	PL4	2x	NA	NA	clean	24	NA	putDH	NA	.	.
CIP316601.275	MM901	901	C93154	PL4	2x	NA	NA	clean	24	NA	putDH	NA	.	.
CIP316601.276	MM902	902	C93154	PL4	2x	NA	NA	clean	24	NA	PM	NA	.	.
CIP316601.277	MM903	903	C93154	PL4	2x	NA	NA	clean	24	NA	putDH	NA	.	.
CIP316601.278	MM904	904	C93154	PL4	2x	NA	NA	2x+6S.6L	25	non-inducer	putDH	NA	numerical	.
CIP316601.279	MM905	905	C93154	PL4	2x	NA	NA	2x+10S.10L	25	non-inducer	putDH	NA	numerical	.
CIP316601.280	MM906	906	C93154	PL4	2x	NA	NA	clean	NA	NA	atiDH	NA	.	.
CIP316601.281	MM907	907	C93154	PL4	4x	NA	NA	4x+4L+complex8	NA	NA	PM	shatter watch; too noisy with data at hand	.	broken
CIP316601.282	MM908	908	C93154	PL4	4x	NA	NA	4x-2L-8S.8L	NA	NA	PM	shatter watch; too noisy with data at hand	numerical	.
CIP516013.001	MM909	909	WA104	PL4	2x	NA	NA	2x+1S.1L	25	NA	putDH	NA	numerical	.
CIP516013.002	MM910	910	WA104	PL4	4x	NA	NA	4x-7L.7L	NA	NA	atiPM	NA	.	broken
CIP516020.001	MM911	911	WA077	PL4	2x	2x	TRUE	clean	24	NA	putDH	NA	.	.
CIP516020.002	MM912	912	WA077	PL4	2x	2x	TRUE	clean	24	NA	putDH	NA	.	.
CIP516020.003	MM913	913	WA077	PL4	2x	2x	TRUE	clean	24	NA	putDH	NA	.	.
CIP516020.004	MM914	914	WA077	PL4	2x	2x	TRUE	clean	24	NA	putDH	NA	.	.
CIP516020.005	MM915	915	WA077	PL4	2x	2x	TRUE	clean	24	NA	putDH	NA	.	.
CIP516020.006	MM916	916	WA077	PL4	2x	2x	TRUE	clean	24	NA	putDH	NA	.	.
CIP516020.007	MM917	917	WA077	PL4	2x	2x	TRUE	clean	24	NA	putDH	NA	.	.
CIP516020.008	MM918	918	WA077	PL4	2x	2x	TRUE	2x+2S.2L	25	non-inducer	putDH	NA	numerical	.
CIP516020.009	MM919	919	WA077	PL4	2x	2x	TRUE	clean	24	NA	putDH	NA	.	.
CIP516020.010	MM920	920	WA077	PL4	2x	2x	TRUE	clean	24	NA	putDH	NA	.	.
CIP516020.011	MM921	921	WA077	PL4	2x	2x	TRUE	clean	24	NA	putDH	NA	.	.
CIP516020.012	MM922	922	WA077	PL4	2x	2x	TRUE	clean	24	NA	putDH	NA	.	.
CIP516020.013	MM923	923	WA077	PL4	2x	2x	TRUE	clean	24	NA	putDH	NA	.	.
CIP516020.014	MM924	924	WA077	PL4	2x	2x	TRUE	clean	24	NA	putDH	NA	.	.
CIP516020.015	MM925	925	WA077	PL4	2x	2x	TRUE	clean	24	NA	putDH	NA	.	.
CIP516020.016	MM926	926	WA077	PL4	2x	2x	TRUE	clean	24	NA	putDH	NA	.	.
CIP516020.017	MM927	927	WA077	PL4	2x	2x	TRUE	clean	24	NA	putDH	NA	.	.
CIP516020.018	MM928	928	WA077	PL4	2x	2x	TRUE	clean	24	NA	putDH	NA	.	.
CIP516020.019	MM929	929	WA077	PL4	2x	2x	TRUE	clean	24	NA	putDH	NA	.	.
CIP516020.020	MM930	930	WA077	PL4	2x	2x	TRUE	clean	24	NA	putDH	NA	.	.
CIP516020.021	MM931	931	WA077	PL4	2x	2x	TRUE	2x+2S.2L	25	non-inducer	putDH	NA	numerical	.
CIP516015.001	MM932	932	LR00014	IVP101	4x	4x	TRUE	clean	24	NA	PM	NA	.	.
CIP516015.002	MM933	933	LR00014	IVP101	4x	4x	TRUE	clean	24	NA	PM	NA	.	.
CIP516015.003	MM934	934	LR00014	IVP101	4x	4x	TRUE	4x-9L	NA	inducer	PM	NA	.	broken
CIP516015.004	MM935	935	LR00014	IVP101	4x	4x	TRUE	clean	24	NA	PM	NA	.	.
CIP516015.005	MM936	936	LR00014	IVP101	4x	4x	TRUE	clean	24	NA	PM	NA	.	.
CIP516015.006	MM937	937	LR00014	IVP101	4x	4x	TRUE	clean	24	NA	PM	NA	.	.
CIP516015.007	MM938	938	LR00014	IVP101	4x	4x	TRUE	4x-10S.10L	NA	NA	PM	shatter watch	.	broken
CIP516015.008	MM939	939	LR00014	IVP101	4x	4x	TRUE	clean	24	NA	PM	NA	.	.
CIP516015.009	MM940	940	LR00014	IVP101	4x	4x	TRUE	4x-complex1	NA	NA	PM	shatter watch	.	broken
CIP516015.010	MM941	941	LR00014	IVP101	3x	3x	TRUE	clean	24	NA	PM	NA	.	.
CIP516015.011	MM942	942	LR00014	IVP101	4x	4x	TRUE	clean	24	NA	PM	NA	.	.
CIP516006.020	MM943	943	LR00014	IVP35	3x	NA	NA	clean	24	NA	PM	recheck when I have better SNPs	.	.
CIP516006.021	MM944	944	LR00014	IVP35	4x	NA	NA	4x-3L	NA	NA	PM	recheck when I have better SNPs	.	broken
CIP516006.022	MM945	945	LR00014	IVP35	3x	NA	NA	clean	24	NA	PM	recheck when I have better SNPs	.	.
CIP516006.023	MM946	946	LR00014	IVP35	4x	NA	NA	clean	24	NA	PM	recheck when I have better SNPs	.	.
CIP516006.024	MM947	947	LR00014	IVP35	4x	NA	NA	clean	24	NA	PM	recheck when I have better SNPs	.	.
CIP516006.025	MM948	948	LR00014	IVP35	4x	NA	NA	4x-12L	NA	NA	PM	recheck when I have better SNPs	.	broken
CIP516006.026	MM949	949	LR00014	IVP35	3x	NA	NA	clean	24	NA	PM	recheck when I have better SNPs	.	.
CIP516006.027	MM950	950	LR00014	IVP35	4x	NA	NA	4x-3L-7L	NA	NA	PM	recheck when I have better SNPs	.	broken
CIP516006.028	MM951	951	LR00014	IVP35	3x	NA	NA	clean	24	NA	PM	recheck when I have better SNPs	.	.
CIP516006.029	MM952	952	LR00014	IVP35	4x	NA	NA	clean	24	NA	PM	recheck when I have better SNPs	.	.
CIP516006.030	MM953	953	LR00014	IVP35	4x	NA	NA	clean	24	NA	PM	recheck when I have better SNPs	.	.
CIP516006.031	MM954	954	LR00014	IVP35	4x	NA	NA	clean	24	NA	PM	recheck when I have better SNPs	.	.
CIP516006.032	MM955	955	LR00014	IVP35	4x	NA	NA	clean	24	NA	PM	recheck when I have better SNPs	.	.
CIP516006.033	MM956	956	LR00014	IVP35	2x	NA	NA	clean	24	NA	putDH	recheck when I have better SNPs	.	.
CIP516008.021	MM957	957	LR00014	PL4	2x	2x	TRUE	2x+11S.11L	25	non-inducer	putDH	NA	numerical	.
CIP516008.022	MM958	958	LR00014	PL4	2x	2x	TRUE	clean	24	NA	putDH	NA	.	.
CIP516008.023	MM959	959	LR00014	PL4	2x	2x	TRUE	clean	24	NA	putDH	NA	.	.
CIP516008.024	MM960	960	LR00014	PL4	4x	4x	TRUE	4x-4S-5S.5L-8S-9S-9S	NA	-4s inducer -5S.5L inducer -8S inducer -9S inducer -9S inducer	PM	shatter watch	numerical	broken
CIP516008.025	MM961	961	LR00014	PL4	4x	4x	TRUE	4x-3S.3L	NA	inducer	PM	shatter watch	numerical	.
CIP516008.026	MM962	962	LR00014	PL4	4x	4x	TRUE	4x-2S.2L	NA	non-inducer	PM	NA	numerical	.
CIP516008.027	MM963	963	LR00014	PL4	4x	4x	TRUE	clean	24	NA	PM	NA	.	.
CIP516008.028	MM964	964	LR00014	PL4	4x	4x	TRUE	4x-3L	NA	inducer	PM	shatter watch	.	broken
CIP516008.029	MM965	965	LR00014	PL4	4x	4x	TRUE	clean	24	NA	PM	NA	.	.
CIP516008.030	MM966	966	LR00014	PL4	4x	4x	TRUE	4x-1L-2L-12 L	NA	inducer	PM	shatter watch	.	broken
CIP315047.120	MM967	967	WA077	PL4	2x	2x	TRUE	clean	24	NA	putDH	NA	.	.
CIP315047.121	MM968	968	WA077	PL4	4x	4x	TRUE	4x-3L	NA	inducer	atiPM	shatter watch	.	broken
CIP315047.122	MM969	969	WA077	PL4	4x	4x	TRUE	4x-1S-4L-5L-6S.6L	NA	-1S inducer -4L inducer -5L inducer -6S.6L inducer	atiPM	shatter watch	numerical	broken
CIP315047.123	MM970	970	WA077	PL4	3x	2x	FALSE	clean	24	NA	PM	NA	.	.
CIP315047.124	MM971	971	WA077	PL4	4x	4x	TRUE	4x-1S.1L-3S.3L-11L	NA	-1S.1L inducer -3S.3L inducer -11L non-inducer	atiPM	shatter watch	numerical	broken
CIP315047.125	MM972	972	WA077	PL4	4x	4x	TRUE	clean	24	NA	atiPM	NA	.	.
CIP315047.126	MM973	973	WA077	PL4	4x	NA	NA	NA	24	NA	PM	withhold	.	.
CIP315047.127	MM974	974	WA077	PL4	4x	4x	TRUE	clean	24	NA	PM	NA	.	.
CIP315047.128	MM975	975	WA077	PL4	4x	4x	TRUE	clean	24	NA	PM	NA	.	.
CIP315047.129	MM976	976	WA077	PL4	4x	4x	TRUE	clean	24	NA	PM	NA	.	.
CIP315047.130	MM977	977	WA077	PL4	4x	NA	NA	NA	24	NA	PM	NA	.	.
CIP315047.131	MM978	978	WA077	PL4	4x	4x	TRUE	4x-2L	NA	-2L non-inducer	PM	NA	numerical	.
CIP315047.132	MM979	979	WA077	PL4	3x	3x	TRUE	3x+3S.3L-11S.11L	36	3S.3L non-inducer 11S.11L non-inducer	PM	NA	numerical	.
CIP315047.133	MM980	980	WA077	PL4	4x	4x	TRUE	clean	24	NA	PM	NA	.	.
CIP315047.134	MM981	981	WA077	PL4	4x	4x	TRUE	4x-1L	NA	inducer	PM	shatter watch	.	broken
CIP516004.108	MM982	982	WA077	IVP35	4x	4x	TRUE	4x-12L-12L	NA	inducer	PM	NA	.	broken
CIP516004.109	MM983	983	WA077	IVP35	2x	2x	TRUE	clean	24	NA	putDH	NA	.	.
CIP516004.110	MM984	984	WA077	IVP35	4x	4x	TRUE	4x-1S+2S.2L-6S.6L-11S.11L-12L	NA	-1S inducer +2S.2L inducer -6S.6L inducer -11S.11L non-inducer -12L inducer	atiPM	shatter watch	numerical	broken
CIP516004.111	MM985	985	WA077	IVP35	4x	4x	TRUE	4x-3S.3L+9S.9L-10S.10L-11S.11L-11S.11L	NA	-3S.3L non-inducer +9S.9L non-inducer -10S.10L non-inducer -11S.11L non-inducer -11S.11L non-inducer	atiPM	severe maternal aneuploidy; 2 of 2 postembryonic maternal elimination	numerical	.
CIP516004.112	MM986	986	WA077	IVP35	5x	5x	TRUE	5x+4S.4L-11S-11S	NA	4S.4L non-inducer 11S non-inducer	PM	NA	numerical	broken
CIP516004.113	MM987	987	WA077	IVP35	3x	3x	TRUE	3x-1S	36	-1S non-inducer	atiPM	NA	.	broken
CIP516004.114	MM988	988	WA077	IVP35	4x	4x	TRUE	4x-3L+7S.7L+complex8	NA	-3L inducer +7S.7L non-inducer +complex8 inducer	PM	shatter watch	numerical	broken
CIP516004.115	MM989	989	WA077	IVP35	4x	4x	TRUE	4x-3L	NA	-3L inducer	PM	shatter watch	.	broken
CIP516004.116	MM990	990	WA077	IVP35	3x	3x	TRUE	3x+8S.8L	37	8S.8L unclear	PM	NA	numerical	.
CIP516004.117	MM991	991	WA077	IVP35	4x	4x	TRUE	4x-2L	NA	non-inducer	PM	NA	numerical	.
CIP516008.031	MM992	992	LR00014	PL4	4x	4x	TRUE	4x+10S.10L	NA	non-inducer	PM	baseline chorm RD is low	numerical	.
CIP516008.032	MM993	993	LR00014	PL4	2x	2x	TRUE	clean	24	NA	putDH	NA	.	.
CIP516008.033	MM994	994	LR00014	PL4	2x	2x	TRUE	clean	24	NA	putDH	NA	.	.
CIP516008.034	MM995	995	LR00014	PL4	2x	2x	TRUE	clean	24	NA	putDH	NA	.	.
CIP516008.035	MM996	996	LR00014	PL4	4x	4x	TRUE	4x-4S-6L-12S.12L	NA	inducer	PM	shatter watch	numerical	broken
CIP516008.036	MM997	997	LR00014	PL4	4x	4x	TRUE	4x-1S.1L-4S.4L-10L-12L	NA	inducer	atiPM	shatter watch	numerical	broken
CIP516008.037	MM998	998	LR00014	PL4	4x	4x	TRUE	clean	24	NA	PM	10L inducer SNP deficiency	.	.
CIP316610.103	MM999	999	LR00022	PL4	4x	NA	NA	4x-complex9	NA	NA	atiPM	shatter watch	.	broken
CIP316610.104	MM1000	1000	LR00022	PL4	3x-4x	NA	NA	clean	24	NA	putDH	not a hybrid	.	.
CIP516021.023	MM1001	1001	93.003	PL4	2x	NA	NA	clean	24	NA	putDH	NA	.	.
CIP516021.024	MM1002	1002	93.003	PL4	2x	NA	NA	clean	24	NA	putDH	NA	.	.
CIP516021.025	MM1003	1003	93.003	PL4	2x-3x	NA	NA	3x-6S.6L+8S.8L-10S.10L+complex11+complex12	NA	NA	putDH	dosage ok; snp noisy; shatter watch	numerical	broken
CIP516009.001	MM1004	1004	458	PL4	2x	NA	NA	clean	24	NA	putDH	NA	.	.
CIP316601.283	MM1005	1005	C93154	PL4	4x	NA	NA	clean	24	NA	putDH	NA	.	.
CIP316601.284	MM1006	1006	C93154	PL4	4x	NA	NA	clean	24	NA	putDH	NA	.	.
CIP316601.285	MM1007	1007	C93154	PL4	4x	NA	NA	clean	24	NA	putDH	NA	.	.
CIP316601.286	MM1008	1008	C93154	PL4	2x	NA	NA	clean	24	NA	putDH	NA	.	.
CIP316601.287	MM1009	1009	C93154	PL4	2x	NA	NA	clean	24	NA	putDH	NA	.	.
CIP316601.288	MM1010	1010	C93154	PL4	4x	NA	NA	clean	24	NA	putDH	NA	.	.
CIP316601.289	MM1011	1011	C93154	PL4	4x	NA	NA	clean	24	NA	putDH	NA	.	.
CIP516004.118	MM1012	1012	WA077	IVP35	4x	4x	TRUE	clean	24	NA	PM	NA	.	.
CIP516004.119	MM1013	1013	WA077	IVP35	2x	2x	TRUE	2x+11S.11L	25	non-inducer	putDH	NA	numerical	.
CIP316601.290	MM1014	1014	C93154	PL4	4x	NA	NA	clean	24	NA	putDH	NA	.	.
CIP316601.291	MM1015	1015	C93154	PL4	2x	NA	NA	clean	24	NA	putDH	NA	.	.
CIP316601.292	MM1016	1016	C93154	PL4	2x	NA	NA	clean	24	NA	putDH	NA	.	.
CIP316601.293	MM1017	1017	C93154	PL4	2x	NA	NA	clean	24	NA	putDH	NA	.	.
CIP316601.294	MM1018	1018	C93154	PL4	2x	NA	NA	clean	24	NA	putDH	NA	.	.
CIP316601.295	MM1019	1019	C93154	PL4	2x	NA	NA	clean	24	NA	putDH	NA	.	.
CIP316601.296	MM1020	1020	C93154	PL4	2x	NA	NA	clean	24	NA	putDH	NA	.	.
CIP316601.297	MM1021	1021	C93154	PL4	2x	NA	NA	clean	24	NA	putDH	NA	.	.
CIP316601.298	MM1022	1022	C93154	PL4	2x	NA	NA	clean	24	NA	putDH	NA	.	.
CIP316601.299	MM1023	1023	C93154	PL4	2x	NA	NA	clean	24	NA	putDH	NA	.	.
CIP316601.300	MM1024	1024	C93154	PL4	4x	NA	NA	clean	24	NA	putDH	NA	.	.
CIP316601.301	MM1025	1025	C93154	PL4	2x	NA	NA	clean	24	NA	putDH	NA	.	.
CIP316601.302	MM1026	1026	C93154	PL4	2x	NA	NA	2x+5S.5L	25	non-inducer	putDH	NA	numerical	.
CIP316601.303	MM1027	1027	C93154	PL4	2x	NA	NA	clean	24	NA	putDH	NA	.	.
CIP316601.304	MM1028	1028	C93154	PL4	2x	NA	NA	clean	24	NA	putDH	NA	.	.
CIP316601.305	MM1029	1029	C93154	PL4	2x	NA	NA	clean	24	NA	putDH	NA	.	.
CIP316601.306	MM1030	1030	C93154	PL4	2x	NA	NA	clean	24	NA	putDH	NA	.	.
CIP316601.307	MM1031	1031	C93154	PL4	2x	NA	NA	clean	24	NA	putDH	NA	.	.
CIP316601.308	MM1032	1032	C93154	PL4	2x	NA	NA	clean	24	NA	putDH	NA	.	.
CIP316601.309	MM1033	1033	C93154	PL4	2x	NA	NA	clean	24	NA	putDH	NA	.	.
CIP316601.310	MM1034	1034	C93154	PL4	4x	NA	NA	4x-3L	NA	inducer	atiPM	shatter watch	.	broken
CIP316601.311	MM1035	1035	C93154	PL4	4x	NA	NA	4x-5L-9S	NA	inducer	atiPM	shatter watch	.	broken
CIP516020.022	MM1036	1036	WA077	PL4	2x	2x	TRUE	clean	24	NA	putDH	NA	.	.
CIP516020.023	MM1037	1037	WA077	PL4	2x	2x	TRUE	clean	24	NA	putDH	NA	.	.
CIP516020.024	MM1038	1038	WA077	PL4	2x	2x	TRUE	NA	24	NA	putDH	NA	.	.
CIP516010.001	MM1039	1039	Atlantic	PL4	2x	2x	TRUE	clean	24	NA	putDH	NA	.	.
CIP516010.002	MM1040	1040	Atlantic	PL4	2x	2x	TRUE	clean	24	NA	putDH	NA	.	.
CIP516010.003	MM1041	1041	Atlantic	PL4	2x	2x	TRUE	clean	24	NA	putDH	NA	.	.
CIP516010.004	MM1042	1042	Atlantic	PL4	2x	2x	TRUE	clean	24	NA	putDH	NA	.	.
CIP516010.005	MM1043	1043	Atlantic	PL4	2x	2x	TRUE	2x+7S	25	non-inducer	putDH	NA	.	broken
CIP516015.012	MM1044	1044	LR00014	IVP101	2x	2x	TRUE	clean	24	NA	putDH	NA	.	.
CIP516015.013	MM1045	1045	LR00014	IVP101	2x	2x	TRUE	clean	24	NA	putDH	NA	.	.
CIP516015.014	MM1046	1046	LR00014	IVP101	2x	2x	TRUE	clean	24	NA	putDH	NA	.	.
CIP516015.015	MM1047	1047	LR00014	IVP101	2x	2x	TRUE	clean	24	NA	putDH	NA	.	.
CIP516015.016	MM1048	1048	LR00014	IVP101	2x	2x	TRUE	clean	24	NA	putDH	NA	.	.
CIP516015.017	MM1049	1049	LR00014	IVP101	2x	2x	TRUE	clean	24	NA	putDH	NA	.	.
CIP516015.018	MM1050	1050	LR00014	IVP101	2x	2x	TRUE	clean	24	NA	putDH	NA	.	.
CIP516015.019	MM1051	1051	LR00014	IVP101	2x	2x	TRUE	clean	24	NA	putDH	NA	.	.
CIP516015.020	MM1052	1052	LR00014	IVP101	2x	2x	TRUE	clean	24	NA	putDH	NA	.	.
CIP516015.021	MM1053	1053	LR00014	IVP101	2x	2x	TRUE	clean	24	NA	putDH	NA	.	.
CIP516015.022	MM1054	1054	LR00014	IVP101	2x	2x	TRUE	clean	24	NA	atiDH	NA	.	.
CIP516015.023	MM1055	1055	LR00014	IVP101	2x	2x	TRUE	clean	24	NA	atiDH	NA	.	.
CIP516015.024	MM1056	1056	LR00014	IVP101	2x	2x	TRUE	2x-10S.10L	23	non-inducer	atiDH	NA	numerical	.
CIP516015.025	MM1057	1057	LR00014	IVP101	3x	3x	TRUE	clean	36	NA	PM	NA	.	.
CIP516015.026	MM1058	1058	LR00014	IVP101	3x	3x	TRUE	clean	36	NA	PM	NA	.	.
CIP516015.027	MM1059	1059	LR00014	IVP101	4x	NA	NA	clean	NA	NA	atiPM	NA	.	.
CIP516015.028	MM1060	1060	LR00014	IVP101	3x	3x	TRUE	3x-1S.1L	35	non-inducer	PM	NA	numerical	.
CIP516015.029	MM1061	1061	LR00014	IVP101	3x	3x	TRUE	clean	36	NA	putDH	NA	.	.
CIP516015.030	MM1062	1062	LR00014	IVP101	2x	4x	FALSE	clean	NA	NA	putDH	NA	.	.
CIP316619.020	MM1063	1063	LR00022	IVP101	2x	NA	NA	possible mini4	24	clean	putDH	shatter watch	.	.
CIP316619.021	MM1064	1064	LR00022	IVP101	4x	NA	NA	4x-2L-7L-11L-11L	NA	NA	atiPM	shatter watch	.	broken
CIP316608.020	MM1065	1065	C01020	IVP101	2x	NA	NA	clean	24	NA	putDH	NA	.	.
CIP316608.021	MM1066	1066	C01020	IVP101	2x	NA	NA	2x+3S.3L	25	non-inducer	putDH	NA	.	.
CIP316608.022	MM1067	1067	C01020	IVP101	2x	NA	NA	NA	24	NA	putDH	withhold	.	.
CIP316608.023	MM1068	1068	C01020	IVP101	4x	NA	NA	4x-1L-3L	NA	-1L non-inducer -3L non-inducer	putDH	shatter watch	.	broken
CIP516018.001	MM1069	1069	Y84027	IVP101	2x	NA	NA	clean	24	NA	putDH	NA	.	.
CIP516018.002	MM1070	1070	Y84027	IVP101	2x	NA	NA	2x+2S.2L	25	NA	putDH	NA	numerical	.
CIP516018.003	MM1071	1071	Y84027	IVP101	2x	NA	NA	2x+3S.3L	25	NA	putDH	NA	numerical	.
CIP516018.004	MM1072	1072	Y84027	IVP101	2x	NA	NA	clean	24	NA	putDH	NA	.	.
CIP516018.005	MM1073	1073	Y84027	IVP101	2x	NA	NA	2x+complex1-10L-11S-12S	NA	NA	PM	shatter watch	.	broken
CIP516018.006	MM1074	1074	Y84027	IVP101	4x	NA	NA	4x+complex12S.12L	NA	NA	atiPM	shatter watch	.	broken
CIP516017.001	MM1075	1075	C90170	IVP101	2x	NA	NA	clean	24	NA	putDH	NA	.	.
CIP516019.001	MM1076	1076	93.003	IVP101	2x	NA	NA	clean	24	NA	putDH	NA	.	.
CIP516019.002	MM1077	1077	93.003	IVP101	2x	NA	NA	clean	24	NA	putDH	NA	.	.
CIP516019.003	MM1078	1078	93.003	IVP101	2x	NA	NA	clean	24	NA	putDH	NA	.	.
CIP516019.004	MM1079	1079	93.003	IVP101	2x	NA	NA	clean	24	NA	putDH	NA	.	.
CIP516019.005	MM1080	1080	93.003	IVP101	2x	NA	NA	clean	24	NA	putDH	withhold	.	.
CIP516019.006	MM1081	1081	93.003	IVP101	2x	NA	NA	clean	24	NA	putDH	NA	.	.
CIP516019.007	MM1082	1082	93.003	IVP101	2x	NA	NA	clean	24	NA	putDH	NA	.	.
CIP516019.008	MM1083	1083	93.003	IVP101	2x	NA	NA	clean	24	NA	putDH	NA	.	.
CIP516019.009	MM1084	1084	93.003	IVP101	2x	NA	NA	clean	24	NA	putDH	NA	.	.
CIP516019.010	MM1085	1085	93.003	IVP101	2x	NA	NA	clean	24	NA	putDH	NA	.	.
CIP516019.011	MM1086	1086	93.003	IVP101	2x	NA	NA	clean	24	NA	putDH	NA	.	.
CIP516019.012	MM1087	1087	93.003	IVP101	2x	NA	NA	clean	24	NA	putDH	withhold	.	.
CIP516014.001	MM1088	1088	458	IVP101	2x	NA	NA	clean	24	NA	atiPM	NA	.	.
CIP516014.002	MM1089	1089	458	IVP101	2x	NA	NA	2x+8S.8L	25	NA	putDH	NA	numerical	.
CIP516014.003	MM1090	1090	458	IVP101	2x	NA	NA	clean	24	NA	putDH	NA	.	.
CIP516014.004	MM1091	1091	458	IVP101	2x	NA	NA	clean	24	NA	putDH	NA	.	.
CIP516014.005	MM1092	1092	458	IVP101	4x	NA	NA	4x-3S.3L-8S.8L	NA	NA	PM	shatter watch	numerical	.
CIP516014.006	MM1093	1093	458	IVP101	2x	NA	NA	clean	24	NA	atiDH	NA	.	.
CIP516007.010	MM1094	1094	WA077	IVP101	2x	2x	TRUE	clean	24	NA	putDH	NA	.	.
CIP516007.011	MM1095	1095	WA077	IVP101	2x	2x	TRUE	clean	24	NA	putDH	NA	.	.
CIP516007.012	MM1096	1096	WA077	IVP101	2x	2x	TRUE	2x+4S.4L	25	non-inducer	putDH	NA	numerical	.
CIP516007.013	MM1097	1097	WA077	IVP101	2x	2x	TRUE	clean	24	NA	putDH	NA	.	.
CIP516007.014	MM1098	1098	WA077	IVP101	2x	2x	TRUE	clean	24	NA	putDH	NA	.	.
CIP516007.015	MM1099	1099	WA077	IVP101	2x	2x	TRUE	clean	24	NA	putDH	NA	.	.
CIP516007.016	MM1100	1100	WA077	IVP101	2x	2x	TRUE	clean	24	NA	putDH	NA	.	.
CIP516007.017	MM1101	1101	WA077	IVP101	2x	2x	TRUE	clean	24	NA	putDH	NA	.	.
CIP516007.018	MM1102	1102	WA077	IVP101	4x	NA	NA	NA	24	NA	putDH	withhold	.	.
CIP516007.019	MM1103	1103	WA077	IVP101	4x	2x	FALSE	clean	24	NA	putDH	NA	.	.
CIP516007.020	MM1104	1104	WA077	IVP101	2x	2x	TRUE	clean	24	NA	putDH	NA	.	.
CIP516007.021	MM1105	1105	WA077	IVP101	2x	2x	TRUE	clean	24	NA	putDH	NA	.	.
CIP516007.022	MM1106	1106	WA077	IVP101	2x	2x	TRUE	clean	24	NA	putDH	NA	.	.
CIP516007.023	MM1107	1107	WA077	IVP101	2x	2x	TRUE	clean	24	NA	putDH	NA	.	.
CIP516007.024	MM1108	1108	WA077	IVP101	2x	2x	TRUE	clean	24	NA	putDH	NA	.	.
CIP516007.025	MM1109	1109	WA077	IVP101	2x	2x	TRUE	2x+5S.5L	25	non-inducer	putDH	NA	numerical	.
CIP516007.026	MM1110	1110	WA077	IVP101	2x	2x	TRUE	clean	24	NA	putDH	NA	.	.
CIP516007.027	MM1111	1111	WA077	IVP101	2x	2x	TRUE	clean	24	NA	putDH	NA	.	.
CIP516007.028	MM1112	1112	WA077	IVP101	2x	2x	TRUE	NA	24	NA	putDH	NA	.	.
CIP516007.029	MM1113	1113	WA077	IVP101	2x	2x	TRUE	clean	24	NA	putDH	NA	.	.
CIP516007.030	MM1114	1114	WA077	IVP101	2x	2x	TRUE	2x+3S.3L+8S.8L+9S.9L	27	inducer	putDH	shatter watch; resequenced to higher depth	numerical	.
CIP516007.031	MM1115	1115	WA077	IVP101	2x	2x	TRUE	2x+1S.1L	25	non-inducer	putDH	NA	numerical	.
CIP516007.032	MM1116	1116	WA077	IVP101	2x	2x	TRUE	clean	24	NA	putDH	NA	.	.
CIP516007.033	MM1117	1117	WA077	IVP101	2x	2x	TRUE	clean	24	NA	putDH	NA	.	.
CIP516007.034	MM1118	1118	WA077	IVP101	2x	2x	TRUE	clean	24	NA	putDH	NA	.	.
CIP516007.035	MM1119	1119	WA077	IVP101	2x	2x	TRUE	clean	24	NA	putDH	NA	.	.
CIP516007.036	MM1120	1120	WA077	IVP101	2x	2x	TRUE	2x+8S.8L	25	non-inducer	putDH	NA	numerical	.
CIP516007.037	MM1121	1121	WA077	IVP101	2x	2x	TRUE	clean	24	NA	putDH	NA	.	.
CIP516007.038	MM1122	1122	WA077	IVP101	2x	2x	TRUE	clean	24	NA	putDH	NA	.	.
CIP516007.039	MM1123	1123	WA077	IVP101	2x	2x	TRUE	clean	24	NA	putDH	NA	.	.
CIP516007.040	MM1124	1124	WA077	IVP101	2x	2x	TRUE	clean	24	NA	atiDH	NA	.	.
CIP516007.041	MM1125	1125	WA077	IVP101	4x	4x	TRUE	4x-1L-3L-7L	NA	inducer	atiPM	shatter watch	.	broken
CIP516007.042	MM1126	1126	WA077	IVP101	4x	4x	TRUE	4x-5S.5L+12S+12S	NA	-5S.5L non-inducer +12S unclear	PM	shatter watch; consistent with 6 copies of 12S, 2 from inducer 4 from non-inducer	numerical	broken
CIP516007.043	MM1127	1127	WA077	IVP101	3x	3x	TRUE	clean	24	NA	PM	NA	.	.
CIP516011.001	MM1128	1128	Desiree	IVP101	2x	NA	NA	clean	24	NA	putDH	NA	.	.
CIP516011.002	MM1129	1129	Desiree	IVP101	2x	NA	NA	clean	24	NA	putDH	NA	.	.
CIP516006.034	MM1130	1130	LR00014	IVP35	2x	NA	NA	clean	24	NA	putDH	recheck when I have better SNPs	.	.
CIP516006.035	MM1131	1131	LR00014	IVP35	2x	NA	NA	clean	24	NA	putDH	recheck when I have better SNPs	.	.
CIP516006.036	MM1132	1132	LR00014	IVP35	2x	NA	NA	clean	24	NA	putDH	recheck when I have better SNPs	.	.
CIP516006.037	MM1133	1133	LR00014	IVP35	2x	NA	NA	clean	24	NA	putDH	recheck when I have better SNPs	.	.
CIP516006.038	MM1134	1134	LR00014	IVP35	2x	NA	NA	clean	24	NA	putDH	recheck when I have better SNPs	.	.
CIP516006.039	MM1135	1135	LR00014	IVP35	2x	NA	NA	clean	24	NA	putDH	recheck when I have better SNPs	.	.
CIP516006.040	MM1136	1136	LR00014	IVP35	2x	NA	NA	clean	24	NA	putDH	recheck when I have better SNPs	.	.
CIP516006.041	MM1137	1137	LR00014	IVP35	2x	NA	NA	clean	24	NA	putDH	recheck when I have better SNPs	.	.
CIP516006.042	MM1138	1138	LR00014	IVP35	2x	NA	NA	clean	24	NA	putDH	recheck when I have better SNPs	.	.
CIP516006.043	MM1139	1139	LR00014	IVP35	2x	NA	NA	clean	24	NA	putDH	recheck when I have better SNPs	.	.
CIP516006.044	MM1140	1140	LR00014	IVP35	2x	NA	NA	clean	24	NA	putDH	recheck when I have better SNPs	.	.
CIP516006.045	MM1141	1141	LR00014	IVP35	2x	4x	FALSE	4x-3S.3L-4S.4L-6S	NA	NA	putDH	recheck when I have better SNPs	numerical	broken
CIP516006.046	MM1142	1142	LR00014	IVP35	2x	NA	NA	clean	24	NA	putDH	recheck when I have better SNPs	.	.
CIP516006.047	MM1143	1143	LR00014	IVP35	2x	NA	NA	clean	24	NA	putDH	recheck when I have better SNPs	.	.
CIP516006.048	MM1144	1144	LR00014	IVP35	2x	NA	NA	clean	24	NA	putDH	recheck when I have better SNPs	.	.
CIP516006.049	MM1145	1145	LR00014	IVP35	2x	NA	NA	clean	24	NA	putDH	recheck when I have better SNPs	.	.
CIP516006.050	MM1146	1146	LR00014	IVP35	2x	NA	NA	clean	24	NA	putDH	recheck when I have better SNPs	.	.
CIP516006.051	MM1147	1147	LR00014	IVP35	2x	NA	NA	clean	24	NA	putDH	recheck when I have better SNPs	.	.
CIP516006.052	MM1148	1148	LR00014	IVP35	2x	NA	NA	clean	24	NA	putDH	recheck when I have better SNPs	.	.
CIP516006.053	MM1149	1149	LR00014	IVP35	2x	NA	NA	clean	24	NA	putDH	recheck when I have better SNPs	.	.
CIP516006.054	MM1150	1150	LR00014	IVP35	2x	NA	NA	clean	24	NA	putDH	recheck when I have better SNPs	.	.
CIP516006.055	MM1151	1151	LR00014	IVP35	2x	NA	NA	clean	24	NA	putDH	recheck when I have better SNPs	.	.
CIP516006.056	MM1152	1152	LR00014	IVP35	2x	NA	NA	clean	24	NA	putDH	recheck when I have better SNPs	.	.
CIP516006.057	MM1153	1153	LR00014	IVP35	2x	NA	NA	clean	24	NA	putDH	recheck when I have better SNPs	.	.
CIP516006.058	MM1154	1154	LR00014	IVP35	2x	NA	NA	clean	24	NA	putDH	recheck when I have better SNPs	.	.
CIP516006.059	MM1155	1155	LR00014	IVP35	2x	NA	NA	clean	24	NA	putDH	recheck when I have better SNPs	.	.
CIP516006.060	MM1156	1156	LR00014	IVP35	2x	NA	NA	clean	24	NA	atiDH	recheck when I have better SNPs	.	.
CIP516006.061	MM1157	1157	LR00014	IVP35	2x	NA	NA	clean	24	NA	atiDH	recheck when I have better SNPs	.	.
CIP516006.062	MM1158	1158	LR00014	IVP35	3x	NA	NA	clean	24	NA	atiPM	recheck when I have better SNPs	.	.
CIP516006.063	MM1159	1159	LR00014	IVP35	4x	NA	NA	4X-1S-4L-10L	NA	NA	atiPM	recheck when I have better SNPs	.	broken
CIP516006.064	MM1160	1160	LR00014	IVP35	3x	4x	FALSE	clean	24	NA	PM	recheck when I have better SNPs	.	.
CIP516006.065	MM1161	1161	LR00014	IVP35	3x	4x	FALSE	clean	24	NA	PM	recheck when I have better SNPs	.	.
CIP516006.066	MM1162	1162	LR00014	IVP35	3x	4x	FALSE	clean	24	NA	PM	recheck when I have better SNPs	.	.
CIP516006.067	MM1163	1163	LR00014	IVP35	3x	4x	FALSE	clean	24	NA	PM	recheck when I have better SNPs	.	.
CIP516006.068	MM1164	1164	LR00014	IVP35	3x	NA	NA	clean	24	NA	PM	recheck when I have better SNPs	.	.
CIP516006.069	MM1165	1165	LR00014	IVP35	3x	NA	NA	clean	24	NA	PM	recheck when I have better SNPs	.	.
CIP316618.050	MM1166	1166	LR00022	IVP35	4x	4x	TRUE	4x-7S.7L-10L-12S.12L	NA	-7S.7L inducer -10L inducer -12S.12L non-inducer	atiPM	shatter watch	numerical	broken
CIP316618.051	MM1167	1167	LR00022	IVP35	4x	NA	NA	4x+2L-5S.5L	NA	\+2L non-inducer -5S.5L inducer	PM	shatter watch	numerical	.
CIP516012.001	MM1168	1168	LR00026	IVP35	2x	2x	TRUE	clean	24	NA	putDH	NA	.	.
CIP516012.002	MM1169	1169	LR00026	IVP35	2x	2x	TRUE	clean	24	NA	putDH	NA	.	.
CIP516012.003	MM1170	1170	LR00026	IVP35	2x	NA	NA	NA	24	NA	putDH	withhold	.	.
CIP516012.004	MM1171	1171	LR00026	IVP35	2x	2x	TRUE	clean	24	NA	putDH	NA	.	.
CIP516012.005	MM1172	1172	LR00026	IVP35	2x	2x	TRUE	clean	24	NA	putDH	NA	.	.
CIP516012.006	MM1173	1173	LR00026	IVP35	2x	2x	TRUE	clean	24	NA	putDH	NA	.	.
CIP516012.007	MM1174	1174	LR00026	IVP35	2x	2x	TRUE	clean	24	NA	putDH	NA	.	.
CIP516012.008	MM1175	1175	LR00026	IVP35	2x	2x	TRUE	2x+3L+8S.8L-10S	25	non-inducer	putDH	3 and 10 are recurring changes	numerical	.
CIP516012.009	MM1176	1176	LR00026	IVP35	2x	2x	TRUE	clean	24	NA	putDH	NA	.	.
CIP316606.050	MM1177	1177	C91640	IVP35	2x	NA	NA	clean	24	NA	putDH	NA	.	.
CIP316330.010	MM1178	1178	Y84027	IVP101	2x	NA	NA	clean	24	NA	atiDH	NA	.	.
CIP316330.011	MM1179	1179	Y84027	IVP35	2x	NA	NA	clean	24	NA	putDH	NA	.	.
CIP316330.012	MM1180	1180	Y84027	IVP35	2x	NA	NA	clean	24	NA	putDH	NA	.	.
CIP316330.013	MM1181	1181	Y84027	IVP35	2x	NA	NA	clean	24	NA	putDH	NA	.	.
CIP316330.014	MM1182	1182	Y84027	IVP35	2x	NA	NA	clean	24	NA	putDH	NA	.	.
CIP316330.015	MM1183	1183	Y84027	IVP35	2x	NA	NA	NA	24	NA	putDH	withhold	.	.
CIP316330.016	MM1184	1184	Y84027	IVP35	2x	NA	NA	NA	24	NA	atiDH	withhold	.	.
CIP316330.017	MM1185	1185	Y84027	IVP35	2x	NA	NA	2x+4S.4L	25	NA	putDH	NA	numerical	.
CIP316330.018	MM1186	1186	Y84027	IVP35	2x	NA	NA	clean	24	NA	putDH	NA	.	.
CIP316330.019	MM1187	1187	Y84027	IVP35	2x	NA	NA	NA	24	NA	putDH	withhold	.	.
CIP316330.020	MM1188	1188	Y84027	IVP35	2x	NA	NA	clean	24	NA	putDH	NA	.	.
CIP316330.021	MM1189	1189	Y84027	IVP35	2x	NA	NA	clean	24	NA	putDH	NA	.	.
CIP316330.022	MM1190	1190	Y84027	IVP35	4x	NA	NA	4x-3L-4S+complex7-11L	NA	NA	atiPM	shatter watch	.	broken
CIP316330.023	MM1191	1191	Y84027	IVP35	4x	NA	NA	4x-12S	NA	NA	atiPM	shatter watch	.	broken
CIP316336.031	MM1192	1192	93.003	IVP35	2x	NA	NA	NA	24	NA	putDH	withhold	.	.
CIP316336.032	MM1193	1193	93.003	IVP35	2x	NA	NA	clean	24	NA	putDH	NA	.	.
CIP316336.033	MM1194	1194	93.003	IVP35	2x	NA	NA	clean	24	NA	putDH	NA	.	.
CIP316336.034	MM1195	1195	93.003	IVP35	2x	NA	NA	clean	24	NA	putDH	NA	.	.
CIP516004.120	MM1196	1196	WA077	IVP35	4x	4x	TRUE	4x-2S.2L-7S-12S	NA	inducer	PM	shatter watch	numerical	broken
CIP516004.121	MM1197	1197	WA077	IVP35	4x	4x	TRUE	4x-11L-12L	NA	inducer	PM	shatter watch	.	broken
CIP516004.122	MM1198	1198	WA077	IVP35	4x	4x	TRUE	4x-2S.2L-8S	NA	inducer	PM	shatter watch	numerical	broken
CIP516004.123	MM1199	1199	WA077	IVP35	4x	4x	TRUE	4x-3S.3L	NA	non-inducer	PM	NA	numerical	.
CIP516007.044	MM1200	1200	WA077	IVP101	4x	4x	TRUE	4x-5L	NA	-5L inducer	PM	shatter watch	.	broken
CIP516007.045	MM1201	1201	WA077	IVP101	4x	4x	TRUE	4x-6L-9S	NA	-6L inducer -9S inducer	PM	shatter watch	.	broken
CIP516007.046	MM1202	1202	WA077	IVP101	3x	3x	TRUE	clean	24	NA	PM	NA	.	.
CIP516007.047	MM1203	1203	WA077	IVP101	4x	2x	FALSE	clean	24	NA	PM	NA	.	.
CIP516007.048	MM1204	1204	WA077	IVP101	4x	4x	TRUE	4x-5S-7L	NA	NA	atiPM	shatter watch	.	broken
CIP516007.049	MM1205	1205	WA077	IVP101	4x	4x	TRUE	4x-1S.1L-4L-6S.6L	NA	-1S.1L non-inducer -4L non-inducer 6S.6L non-inducer	PM	severe female aneuploidy	numerical	broken
CIP516007.050	MM1206	1206	WA077	IVP101	3x	3x	TRUE	clean	24	NA	PM	NA	.	.
CIP516007.051	MM1207	1207	WA077	IVP101	2x	2x	TRUE	clean	24	NA	putDH	NA	.	.
CIP516007.052	MM1208	1208	WA077	IVP101	4x	4x	TRUE	clean	24	NA	PM	NA	.	.
CIP516007.053	MM1209	1209	WA077	IVP101	4x	4x	TRUE	4x-6L-11S.11L-12L	NA	-6L unclear -11S.11L non-inducer -12L inducer	PM	shatter watch	numerical	broken
CIP516012.010	MM1210	1210	LR00026	IVP35	4x	4x	TRUE	4x-complex4-10S	NA	-complex4 unknown -10S non-inducer	PM	shatter watch; 3 and 10 are recurring changes	.	broken
CIP516012.011	MM1211	1211	LR00026	IVP35	4x	4x	TRUE	4x-4S-5L	NA	-4S inducer -5L inducer	PM	shatter watch	.	broken
CIP516012.012	MM1212	1212	LR00026	IVP35	2x	2x	TRUE	clean	24	NA	putDH	NA	.	.
CIP516012.013	MM1213	1213	LR00026	IVP35	4x	4x	TRUE	4x-2S.2L-7L-10S	NA	-2S.2L inducer -7L inducer -10S non-inducer	atiPM	shatter watch	numerical	broken
CIP516012.014	MM1214	1214	LR00026	IVP35	4x	4x	TRUE	4x-1S-2S.2L-5L	NA	-1S inducer -2S.2L inducer -5L inducer	PM	shatter watch	numerical	broken
CIP516012.015	MM1215	1215	LR00026	IVP35	4x	4x	TRUE	4x-3S-12L	NA	-3S unclear -12L inducer	PM	shatter watch	.	broken
CIP516012.016	MM1216	1216	LR00026	IVP35	4x	4x	TRUE	4x-3S	NA	-3S unclear	PM	shatter watch	.	broken
CIP516012.017	MM1217	1217	LR00026	IVP35	3x	3x	TRUE	3x-2S.2L	35	non-inducer	PM	NA	numerical	.
CIP516012.018	MM1218	1218	LR00026	IVP35	4x	4x	TRUE	4x-3S-11S.11L	NA	-3S unclear -11S.11L non-inducer	PM	shatter watch	numerical	broken
CIP516012.019	MM1219	1219	LR00026	IVP35	4x	4x	TRUE	4x-6S.6L	NA	non-inducer	PM	NA	numerical	.
CIP516012.020	MM1220	1220	LR00026	IVP35	4x	4x	TRUE	4x-10S+12S.12L	NA	-10S non-inducer + 12S.12L non-inducer	PM	NA	numerical	broken
CIP516012.021	MM1221	1221	LR00026	IVP35	4x	4x	TRUE	4x-2S.2L-10L	NA	-2S.2L inducer -10L inducer	PM	NA	numerical	broken
CIP516016.001	MM1222	1222	LR00026	IVP101	4x	4x	TRUE	clean	NA	NA	PM	shatter watch; SNP on chr01 suggest inducer deficiency	.	.
CIP516016.002	MM1223	1223	LR00026	IVP101	4x	4x	TRUE	4x-6L-11S	NA	inducer	PM	shatter watch	.	broken
CIP516016.003	MM1224	1224	LR00026	IVP101	4x	4x	TRUE	4x-3S-3S-3L-9L-10S	NA	-3S inducer -3S inducer -3L inducer -9L inducer -10S unclear	PM	NA	numerical	broken
CIP315030.100	MM1225	1225	LR00026	PL4	4x	4x	TRUE	4x-3S.3L+complex6-9S.9L	NA	-3S.3L non-inducer complex6 unclear -9S.9L non-inducer	PM	shatter watch	numerical	broken
CIP315030.101	MM1226	1226	LR00026	PL4	4x	4x	TRUE	clean	NA	NA	PM	NA	.	.
CIP315030.102	MM1227	1227	LR00026	PL4	4x	4x	TRUE	4x-1S.1L-3S.3L+5S-5L-6S	NA	-1S.1L inducer -3S.3L inducer +5S inducer -5L inducer -6S inducer	PM	shatter watch	numerical	broken
CIP315030.103	MM1228	1228	LR00026	PL4	2x	2x	TRUE	clean	24	NA	putDH	NA	.	.
CIP315030.104	MM1229	1229	LR00026	PL4	2x	2x	TRUE	2x+6S.6L	25	non-inducer	putDH	NA	numerical	.
CIP315030.105	MM1230	1230	LR00026	PL4	2x	2x	TRUE	2x+8S.8L	25	non-inducer	putDH	NA	numerical	.
CIP315030.106	MM1231	1231	LR00026	PL4	2x	2x	TRUE	clean	24	NA	putDH	NA	.	.
CIP315030.107	MM1232	1232	LR00026	PL4	2x	2x	TRUE	clean	24	NA	putDH	NA	.	.
