sample	unit	fq1	fq2	parhap	mother	inducer
MM1	KFRAG_00170	MM_1.fq.gz	NaN	haploid	LR00014	PL4
MM2	KFRAG_00171	MM_2.fq.gz	NaN	haploid	LR00014	PL4
MM3	KFRAG_00172	MM_3.fq.gz	NaN	haploid	LR00014	PL4
MM4	KFRAG_00173	MM_4.fq.gz	NaN	haploid	LR00014	PL4
MM5	KFRAG_00174	MM_5.fq.gz	NaN	haploid	LR00014	PL4
MM6	KFRAG_00175	MM_6.fq.gz	NaN	haploid	LR00014	PL4
MM7	KFRAG_00176	MM_7.fq.gz	NaN	haploid	LR00014	PL4
MM8	KFRAG_00177	MM_8.fq.gz	NaN	haploid	LR00014	PL4
MM9	KFRAG_00178	MM_9.fq.gz	NaN	haploid	LR00014	PL4
MM10	KFRAG_00179	MM_10.fq.gz	NaN	haploid	LR00014	PL4
MM11	KFRAG_00180	MM_11.fq.gz	NaN	haploid	LR00014	PL4
MM12	KFRAG_00181	MM_12.fq.gz	NaN	haploid	LR00014	PL4
MM13	KFRAG_00182	MM_13.fq.gz	NaN	haploid	LR00014	PL4
MM14	KFRAG_00183	MM_14.fq.gz	NaN	haploid	LR00014	PL4
MM15	KFRAG_00184	MM_15.fq.gz	NaN	haploid	LR00014	PL4
MM16	KFRAG_00185	MM_16.fq.gz	NaN	haploid	LR00014	PL4
MM17	KFRAG_00186	MM_17.fq.gz	NaN	haploid	LR00014	PL4
MM18	KFRAG_00187	MM_18.fq.gz	NaN	haploid	LR00014	PL4
MM19	KFRAG_00188	MM_19.fq.gz	NaN	haploid	LR00014	PL4
MM20	KFRAG_00189	MM_20.fq.gz	NaN	haploid	LR00014	PL4
MM21	KFRAG_00190	MM_21.fq.gz	NaN	haploid	LR00014	PL4
MM22	KFRAG_00191	MM_22.fq.gz	NaN	haploid	LR00014	PL4
MM23	KFRAG_00192	MM_23.fq.gz	NaN	haploid	LR00014	PL4
MM24	KFRAG_00193	MM_24.fq.gz	NaN	haploid	LR00014	PL4
MM25	KFRAG_00194	MM_25.fq.gz	NaN	haploid	LR00014	PL4
MM26	KFRAG_00195	MM_26.fq.gz	NaN	haploid	LR00014	PL4
MM27	KFRAG_00196	MM_27.fq.gz	NaN	haploid	LR00014	PL4
MM28	KFRAG_00197	MM_28.fq.gz	NaN	haploid	LR00014	PL4
MM29	KFRAG_00198	MM_29.fq.gz	NaN	haploid	LR00014	PL4
MM30	KFRAG_00199	MM_30.fq.gz	NaN	haploid	LR00014	PL4
MM31	KFRAG_00200	MM_31.fq.gz	NaN	haploid	LR00014	PL4
MM32	KFRAG_00201	MM_32.fq.gz	NaN	haploid	LR00014	PL4
MM33	KFRAG_00202	MM_33.fq.gz	NaN	haploid	LR00014	PL4
MM34	KFRAG_00203	MM_34.fq.gz	NaN	haploid	LR00014	PL4
MM35	KFRAG_00204	MM_35.fq.gz	NaN	haploid	LR00014	PL4
MM36	KFRAG_00205	MM_36.fq.gz	NaN	haploid	LR00014	PL4
MM280	KFRAG_00206	MM_280.fq.gz	NaN	haploid	LR00014	PL4
MM37	KFRAG_00207	MM_37.fq.gz	NaN	haploid	LR00014	IVP35
MM38	KFRAG_00208	MM_38.fq.gz	NaN	haploid	LR00014	IVP35
MM39	KFRAG_00209	MM_39.fq.gz	NaN	haploid	LR00014	IVP35
MM40	KFRAG_00210	MM40_S14_L008_R1_001.fq.gz	NaN	haploid	LR00014	IVP35
MM41	KFRAG_00211	MM41_S15_L008_R1_001.fq.gz	NaN	haploid	LR00014	IVP35
MM42	KFRAG_00212	MM42_S16_L008_R1_001.fq.gz	NaN	haploid	LR00014	IVP35
MM43	KFRAG_00213	MM43_S17_L008_R1_001.fq.gz	NaN	haploid	LR00014	IVP35
MM44	KFRAG_00214	MM44_S18_L008_R1_001.fq.gz	NaN	haploid	LR00014	IVP35
MM45	KFRAG_00215	MM45_S19_L008_R1_001.fq.gz	NaN	haploid	LR00014	IVP35
MM46	KFRAG_00216	MM46_S20_L008_R1_001.fq.gz	NaN	haploid	LR00014	IVP35
MM47	KFRAG_00217	MM47_S21_L008_R1_001.fq.gz	NaN	haploid	LR00014	IVP35
MM48	KFRAG_00218	MM48_S22_L008_R1_001.fq.gz	NaN	haploid	LR00014	IVP35
MM49	KFRAG_00219	MM49_S23_L008_R1_001.fq.gz	NaN	haploid	LR00014	IVP35
MM50	KFRAG_00220	MM50_S24_L008_R1_001.fq.gz	NaN	haploid	LR00014	IVP35
MM51	KFRAG_00221	MM51_S25_L008_R1_001.fq.gz	NaN	haploid	LR00014	IVP35
MM52	KFRAG_00222	MM52_S26_L008_R1_001.fq.gz	NaN	haploid	LR00014	IVP35
MM53	KFRAG_00223	MM53_S27_L008_R1_001.fq.gz	NaN	haploid	LR00014	IVP35
MM54	KFRAG_00224	MM54_S28_L008_R1_001.fq.gz	NaN	haploid	LR00014	IVP35
MM55	KFRAG_00225	MM55_S29_L008_R1_001.fq.gz	NaN	haploid	LR00014	IVP35
MM293	KFRAG_00226	MM293_S30_L008_R1_001.fq.gz	NaN	mother	LR00014	NA
MM56	KFRAG_00227	MM56_S31_L008_R1_001.fq.gz	NaN	haploid	LR00026	PL4
MM57	KFRAG_00228	MM57_S32_L008_R1_001.fq.gz	NaN	haploid	LR00026	PL4
MM58	KFRAG_00229	MM58_S33_L008_R1_001.fq.gz	NaN	haploid	LR00026	PL4
MM59	KFRAG_00230	MM59_S34_L008_R1_001.fq.gz	NaN	haploid	LR00026	PL4
MM60	KFRAG_00231	MM60_S35_L008_R1_001.fq.gz	NaN	haploid	LR00026	PL4
MM61	KFRAG_00232	MM61_S36_L008_R1_001.fq.gz	NaN	haploid	LR00026	PL4
MM62	KFRAG_00233	MM62_S37_L008_R1_001.fq.gz	NaN	haploid	LR00026	PL4
MM63	KFRAG_00234	MM63_S38_L008_R1_001.fq.gz	NaN	haploid	LR00026	PL4
MM64	KFRAG_00235	MM64_S39_L008_R1_001.fq.gz	NaN	haploid	LR00026	PL4
MM65	KFRAG_00236	MM65_S40_L008_R1_001.fq.gz	NaN	haploid	LR00026	PL4
MM66	KFRAG_00237	MM66_S41_L008_R1_001.fq.gz	NaN	haploid	LR00026	PL4
MM67	KFRAG_00238	MM67_S42_L008_R1_001.fq.gz	NaN	haploid	LR00026	PL4
MM68	KFRAG_00239	MM68_S43_L008_R1_001.fq.gz	NaN	haploid	LR00026	PL4
MM69	KFRAG_00240	MM69_S44_L008_R1_001.fq.gz	NaN	haploid	LR00026	PL4
MM70	KFRAG_00241	MM70_S45_L008_R1_001.fq.gz	NaN	haploid	LR00026	PL4
MM71	KFRAG_00242	MM71_S46_L008_R1_001.fq.gz	NaN	haploid	LR00026	PL4
MM72	KFRAG_00243	MM72_S47_L008_R1_001.fq.gz	NaN	haploid	LR00026	PL4
MM73	KFRAG_00244	MM73_S48_L008_R1_001.fq.gz	NaN	haploid	LR00026	PL4
MM281	KFRAG_00245	MM281_S49_L008_R1_001.fq.gz	NaN	haploid	LR00026	PL4
MM282	KFRAG_00246	MM282_S50_L008_R1_001.fq.gz	NaN	haploid	LR00026	PL4
MM283	KFRAG_00247	MM283_S51_L008_R1_001.fq.gz	NaN	haploid	LR00026	PL4
MM284	KFRAG_00248	MM284_S52_L008_R1_001.fq.gz	NaN	haploid	LR00026	PL4
MM285	KFRAG_00249	MM285_S53_L008_R1_001.fq.gz	NaN	haploid	LR00026	PL4
MM286	KFRAG_00250	MM286_S54_L008_R1_001.fq.gz	NaN	haploid	LR00026	PL4
MM287	KFRAG_00251	MM287_S55_L008_R1_001.fq.gz	NaN	haploid	LR00026	PL4
MM288	KFRAG_00252	MM288_S56_L008_R1_001.fq.gz	NaN	haploid	LR00026	PL4
MM289	KFRAG_00253	MM289_S57_L008_R1_001.fq.gz	NaN	haploid	LR00026	PL4
MM74	KFRAG_00254	MM74_S58_L008_R1_001.fq.gz	NaN	haploid	LR00026	IVP35
MM75	KFRAG_00255	MM75_S59_L008_R1_001.fq.gz	NaN	haploid	LR00026	IVP35
MM76	KFRAG_00256	MM76_S60_L008_R1_001.fq.gz	NaN	haploid	LR00026	IVP35
MM77	KFRAG_00257	MM77_S61_L008_R1_001.fq.gz	NaN	haploid	LR00026	IVP35
MM78	KFRAG_00258	MM78_S62_L008_R1_001.fq.gz	NaN	haploid	LR00026	IVP35
MM79	KFRAG_00259	MM79_S63_L008_R1_001.fq.gz	NaN	haploid	LR00026	IVP35
MM80	KFRAG_00260	MM80_S64_L008_R1_001.fq.gz	NaN	haploid	LR00026	IVP35
MM81	KFRAG_00261	MM81_S65_L008_R1_001.fq.gz	NaN	haploid	LR00026	IVP35
MM82	KFRAG_00262	MM82_S66_L008_R1_001.fq.gz	NaN	haploid	LR00026	IVP35
MM83	KFRAG_00263	MM83_S67_L008_R1_001.fq.gz	NaN	haploid	LR00026	IVP35
MM84	KFRAG_00264	MM84_S68_L008_R1_001.fq.gz	NaN	haploid	LR00026	IVP35
MM85	KFRAG_00265	MM85_S69_L008_R1_001.fq.gz	NaN	haploid	LR00026	IVP35
MM86	KFRAG_00266	MM86_S70_L008_R1_001.fq.gz	NaN	haploid	LR00026	IVP35
MM87	KFRAG_00267	MM87_S71_L008_R1_001.fq.gz	NaN	haploid	LR00026	IVP35
MM88	KFRAG_00268	MM88_S72_L008_R1_001.fq.gz	NaN	haploid	LR00026	IVP35
MM89	KFRAG_00269	MM89_S73_L008_R1_001.fq.gz	NaN	haploid	LR00026	IVP101
MM294	KFRAG_00270	MM294_S74_L008_R1_001.fq.gz	NaN	mother	LR00026	NA
MM155	KFRAG_00320	MM155_S26_L007_R1_001.fq.gz	NaN	haploid	WA077	PL4
MM156	KFRAG_00321	MM156_S27_L007_R1_001.fq.gz	NaN	haploid	WA077	PL4
MM157	KFRAG_00322	MM157_S28_L007_R1_001.fq.gz	NaN	haploid	WA077	PL4
MM158	KFRAG_00323	MM158_S29_L007_R1_001.fq.gz	NaN	haploid	WA077	PL4
MM159	KFRAG_00324	MM159_S30_L007_R1_001.fq.gz	NaN	haploid	WA077	PL4
MM160	KFRAG_00325	MM160_S31_L007_R1_001.fq.gz	NaN	haploid	WA077	PL4
MM161	KFRAG_00326	MM161_S32_L007_R1_001.fq.gz	NaN	haploid	WA077	PL4
MM162	KFRAG_00327	MM162_S33_L007_R1_001.fq.gz	NaN	haploid	WA077	PL4
MM163	KFRAG_00328	MM163_S34_L007_R1_001.fq.gz	NaN	haploid	WA077	PL4
MM164	KFRAG_00329	MM164_S35_L007_R1_001.fq.gz	NaN	haploid	WA077	PL4
MM165	KFRAG_00330	MM165_S36_L007_R1_001.fq.gz	NaN	haploid	WA077	PL4
MM166	KFRAG_00331	MM166_S37_L007_R1_001.fq.gz	NaN	haploid	WA077	PL4
MM167	KFRAG_00332	MM167_S38_L007_R1_001.fq.gz	NaN	haploid	WA077	PL4
MM168	KFRAG_00333	MM168_S39_L007_R1_001.fq.gz	NaN	haploid	WA077	PL4
MM169	KFRAG_00334	MM169_S40_L007_R1_001.fq.gz	NaN	haploid	WA077	PL4
MM170	KFRAG_00335	MM170_S41_L007_R1_001.fq.gz	NaN	haploid	WA077	PL4
MM171	KFRAG_00336	MM171_S42_L007_R1_001.fq.gz	NaN	haploid	WA077	PL4
MM172	KFRAG_00337	MM172_S43_L007_R1_001.fq.gz	NaN	haploid	WA077	PL4
MM173	KFRAG_00338	MM173_S44_L007_R1_001.fq.gz	NaN	haploid	WA077	PL4
MM174	KFRAG_00339	MM174_S45_L007_R1_001.fq.gz	NaN	haploid	WA077	PL4
MM175	KFRAG_00340	MM175_S46_L007_R1_001.fq.gz	NaN	haploid	WA077	PL4
MM176	KFRAG_00341	MM176_S47_L007_R1_001.fq.gz	NaN	haploid	WA077	PL4
MM177	KFRAG_00342	MM177_S48_L007_R1_001.fq.gz	NaN	haploid	WA077	PL4
MM178	KFRAG_00343	MM178_S49_L007_R1_001.fq.gz	NaN	haploid	WA077	PL4
MM179	KFRAG_00344	MM179_S50_L007_R1_001.fq.gz	NaN	haploid	WA077	PL4
MM180	KFRAG_00345	MM180_S51_L007_R1_001.fq.gz	NaN	haploid	WA077	PL4
MM181	KFRAG_00346	MM181_S52_L007_R1_001.fq.gz	NaN	haploid	WA077	PL4
MM182	KFRAG_00347	MM182_S53_L007_R1_001.fq.gz	NaN	haploid	WA077	PL4
MM183	KFRAG_00348	MM183_S54_L007_R1_001.fq.gz	NaN	haploid	WA077	PL4
MM184	KFRAG_00349	MM184_S55_L007_R1_001.fq.gz	NaN	haploid	WA077	PL4
MM185	KFRAG_00350	MM185_S56_L007_R1_001.fq.gz	NaN	haploid	WA077	PL4
MM186	KFRAG_00351	MM186_S57_L007_R1_001.fq.gz	NaN	haploid	WA077	PL4
MM187	KFRAG_00352	MM187_S58_L007_R1_001.fq.gz	NaN	haploid	WA077	PL4
MM188	KFRAG_00353	MM188_S59_L007_R1_001.fq.gz	NaN	haploid	WA077	PL4
MM189	KFRAG_00354	MM189_S60_L007_R1_001.fq.gz	NaN	haploid	WA077	PL4
MM190	KFRAG_00355	MM190_S61_L007_R1_001.fq.gz	NaN	haploid	WA077	PL4
MM191	KFRAG_00356	MM191_S62_L007_R1_001.fq.gz	NaN	haploid	WA077	PL4
MM192	KFRAG_00357	MM192_S63_L007_R1_001.fq.gz	NaN	haploid	WA077	PL4
MM193	KFRAG_00358	MM193_S64_L007_R1_001.fq.gz	NaN	haploid	WA077	PL4
MM194	KFRAG_00359	MM194_S65_L007_R1_001.fq.gz	NaN	haploid	WA077	PL4
MM195	KFRAG_00360	MM195_S66_L007_R1_001.fq.gz	NaN	haploid	WA077	PL4
MM196	KFRAG_00361	MM196_S67_L007_R1_001.fq.gz	NaN	haploid	WA077	PL4
MM197	KFRAG_00362	MM197_S68_L007_R1_001.fq.gz	NaN	haploid	WA077	PL4
MM198	KFRAG_00363	MM198_S69_L007_R1_001.fq.gz	NaN	haploid	WA077	PL4
MM199	KFRAG_00364	MM199_S70_L007_R1_001.fq.gz	NaN	haploid	WA077	PL4
MM200	KFRAG_00365	MM200_S71_L007_R1_001.fq.gz	NaN	haploid	WA077	PL4
MM201	KFRAG_00366	MM201_S72_L007_R1_001.fq.gz	NaN	haploid	WA077	PL4
MM202	KFRAG_00367	MM202_S73_L007_R1_001.fq.gz	NaN	haploid	WA077	PL4
MM203	KFRAG_00368	MM203_S74_L007_R1_001.fq.gz	NaN	haploid	WA077	PL4
MM204	KFRAG_00369	MM204_S75_L007_R1_001.fq.gz	NaN	haploid	WA077	PL4
MM205	KFRAG_00370	MM205_S76_L007_R1_001.fq.gz	NaN	haploid	WA077	PL4
MM206	KFRAG_00371	MM206_S77_L007_R1_001.fq.gz	NaN	haploid	WA077	PL4
MM207	KFRAG_00372	MM207_S78_L007_R1_001.fq.gz	NaN	haploid	WA077	PL4
MM208	KFRAG_00373	MM208_S79_L007_R1_001.fq.gz	NaN	haploid	WA077	PL4
MM209	KFRAG_00374	MM209_S80_L007_R1_001.fq.gz	NaN	haploid	WA077	PL4
MM210	KFRAG_00375	MM210_S81_L007_R1_001.fq.gz	NaN	haploid	WA077	PL4
MM211	KFRAG_00376	MM211_S82_L007_R1_001.fq.gz	NaN	haploid	WA077	PL4
MM212	KFRAG_00377	MM212_S83_L007_R1_001.fq.gz	NaN	haploid	WA077	PL4
MM213	KFRAG_00378	MM213_S84_L007_R1_001.fq.gz	NaN	haploid	WA077	PL4
MM214	KFRAG_00379	MM214_S85_L007_R1_001.fq.gz	NaN	haploid	WA077	PL4
MM215	KFRAG_00380	MM215_S86_L007_R1_001.fq.gz	NaN	haploid	WA077	PL4
MM216	KFRAG_00381	MM216_S87_L008_R1_001.fq.gz	NaN	haploid	WA077	PL4
MM217	KFRAG_00382	MM217_S88_L008_R1_001.fq.gz	NaN	haploid	WA077	PL4
MM218	KFRAG_00383	MM218_S89_L008_R1_001.fq.gz	NaN	haploid	WA077	PL4
MM219	KFRAG_00384	MM219_S90_L008_R1_001.fq.gz	NaN	haploid	WA077	IVP35
MM220	KFRAG_00385	MM220_S91_L008_R1_001.fq.gz	NaN	haploid	WA077	IVP35
MM221	KFRAG_00386	MM221_S92_L008_R1_001.fq.gz	NaN	haploid	WA077	IVP35
MM222	KFRAG_00387	MM222_S93_L008_R1_001.fq.gz	NaN	haploid	WA077	IVP35
MM223	KFRAG_00388	MM223_S94_L008_R1_001.fq.gz	NaN	haploid	WA077	IVP35
MM224	KFRAG_00389	MM224_S95_L008_R1_001.fq.gz	NaN	haploid	WA077	IVP35
MM225	KFRAG_00390	MM225_S96_L008_R1_001.fq.gz	NaN	haploid	WA077	IVP35
MM226	KFRAG_00391	MM226_S97_L008_R1_001.fq.gz	NaN	haploid	WA077	IVP35
MM227	KFRAG_00392	MM227_S98_L008_R1_001.fq.gz	NaN	haploid	WA077	IVP35
MM228	KFRAG_00393	MM228_S99_L008_R1_001.fq.gz	NaN	haploid	WA077	IVP35
MM229	KFRAG_00394	MM229_S100_L008_R1_001.fq.gz	NaN	haploid	WA077	IVP35
MM230	KFRAG_00395	MM230_S101_L008_R1_001.fq.gz	NaN	haploid	WA077	IVP35
MM231	KFRAG_00396	MM231_S102_L008_R1_001.fq.gz	NaN	haploid	WA077	IVP35
MM232	KFRAG_00397	MM232_S103_L008_R1_001.fq.gz	NaN	haploid	WA077	IVP35
MM233	KFRAG_00398	MM233_S104_L008_R1_001.fq.gz	NaN	haploid	WA077	IVP35
MM234	KFRAG_00399	MM234_S105_L008_R1_001.fq.gz	NaN	haploid	WA077	IVP35
MM235	KFRAG_00400	MM235_S106_L008_R1_001.fq.gz	NaN	haploid	WA077	IVP35
MM236	KFRAG_00401	MM236_S107_L008_R1_001.fq.gz	NaN	haploid	WA077	IVP35
MM237	KFRAG_00402	MM237_S108_L008_R1_001.fq.gz	NaN	haploid	WA077	IVP35
MM238	KFRAG_00403	MM238_S109_L008_R1_001.fq.gz	NaN	haploid	WA077	IVP35
MM239	KFRAG_00404	MM239_S110_L008_R1_001.fq.gz	NaN	haploid	WA077	IVP35
MM240	KFRAG_00405	MM240_S111_L008_R1_001.fq.gz	NaN	haploid	WA077	IVP35
MM241	KFRAG_00406	MM241_S112_L008_R1_001.fq.gz	NaN	haploid	WA077	IVP35
MM242	KFRAG_00407	MM242_S113_L008_R1_001.fq.gz	NaN	haploid	WA077	IVP35
MM243	KFRAG_00408	MM243_S114_L008_R1_001.fq.gz	NaN	haploid	WA077	IVP35
MM244	KFRAG_00409	MM244_S115_L008_R1_001.fq.gz	NaN	haploid	WA077	IVP35
MM245	KFRAG_00410	MM245_S116_L008_R1_001.fq.gz	NaN	haploid	WA077	IVP35
MM246	KFRAG_00411	MM246_S117_L008_R1_001.fq.gz	NaN	haploid	WA077	IVP35
MM247	KFRAG_00412	MM247_S118_L008_R1_001.fq.gz	NaN	haploid	WA077	IVP35
MM248	KFRAG_00413	MM248_S119_L008_R1_001.fq.gz	NaN	haploid	WA077	IVP35
MM249	KFRAG_00414	MM249_S120_L008_R1_001.fq.gz	NaN	haploid	WA077	IVP35
MM250	KFRAG_00415	MM250_S121_L008_R1_001.fq.gz	NaN	haploid	WA077	IVP35
MM252	KFRAG_00416	MM251_S123_L008_R1_001.fq.gz	NaN	haploid	WA077	IVP35
MM251	KFRAG_00417	MM252_S122_L008_R1_001.fq.gz	NaN	haploid	WA077	IVP35
MM253	KFRAG_00418	MM253_S124_L008_R1_001.fq.gz	NaN	haploid	WA077	IVP35
MM254	KFRAG_00419	MM254_S125_L008_R1_001.fq.gz	NaN	haploid	WA077	IVP35
MM255	KFRAG_00420	MM255_S126_L008_R1_001.fq.gz	NaN	haploid	WA077	IVP35
MM256	KFRAG_00421	MM256_S127_L008_R1_001.fq.gz	NaN	haploid	WA077	IVP35
MM257	KFRAG_00422	MM257_S128_L008_R1_001.fq.gz	NaN	haploid	WA077	IVP35
MM258	KFRAG_00423	MM258_S129_L008_R1_001.fq.gz	NaN	haploid	WA077	IVP35
MM259	KFRAG_00424	MM259_S130_L008_R1_001.fq.gz	NaN	haploid	WA077	IVP35
MM260	KFRAG_00425	MM260_S131_L008_R1_001.fq.gz	NaN	haploid	WA077	IVP35
MM261	KFRAG_00426	MM261_S132_L008_R1_001.fq.gz	NaN	haploid	WA077	IVP35
MM262	KFRAG_00427	MM262_S133_L008_R1_001.fq.gz	NaN	haploid	WA077	IVP35
MM263	KFRAG_00428	MM263_S134_L008_R1_001.fq.gz	NaN	haploid	WA077	IVP35
MM264	KFRAG_00429	MM264_S135_L008_R1_001.fq.gz	NaN	haploid	WA077	IVP101
MM265	KFRAG_00430	MM265_S136_L008_R1_001.fq.gz	NaN	haploid	WA077	IVP101
MM302	KFRAG_00431	MM302_S137_L008_R1_001.fq.gz	NaN	mother	WA077	NA
MM266	KFRAG_00451	MM266_S157_L008_R1_001.fq.gz	NaN	haploid	Desiree	PL4
MM267	KFRAG_00452	MM267_S158_L008_R1_001.fq.gz	NaN	haploid	Desiree	PL4
MM268	KFRAG_00453	MM268_S159_L008_R1_001.fq.gz	NaN	haploid	Desiree	PL4
MM269	KFRAG_00454	MM269_S160_L008_R1_001.fq.gz	NaN	haploid	Desiree	PL4
MM270	KFRAG_00455	MM270_S161_L008_R1_001.fq.gz	NaN	haploid	Desiree	PL4
MM271	KFRAG_00456	MM271_S162_L008_R1_001.fq.gz	NaN	haploid	Desiree	PL4
MM272	KFRAG_00457	MM272_S163_L008_R1_001.fq.gz	NaN	haploid	Desiree	IVP35
MM273	KFRAG_00458	MM273_S164_L008_R1_001.fq.gz	NaN	haploid	Desiree	IVP35
MM303	KFRAG_00459	MM303_S165_L008_R1_001.fq.gz	NaN	mother	Desiree	NA
MM274	KFRAG_00460	MM274_S166_L008_R1_001.fq.gz	NaN	haploid	Atlantic	PL4
MM275	KFRAG_00461	MM275_S167_L008_R1_001.fq.gz	NaN	haploid	Atlantic	PL4
MM276	KFRAG_00462	MM276_S168_L008_R1_001.fq.gz	NaN	haploid	Atlantic	PL4
MM277	KFRAG_00463	MM277_S169_L008_R1_001.fq.gz	NaN	haploid	Atlantic	PL4
MM278	KFRAG_00464	MM278_S170_L008_R1_001.fq.gz	NaN	haploid	Atlantic	PL4
MM279	KFRAG_00465	MM279_S171_L008_R1_001.fq.gz	NaN	haploid	Atlantic	IVP35
MM304	KFRAG_00466	MM304_S172_L008_R1_001.fq.gz	NaN	mother	Atlantic	NA
MM305	KFRAG_00485	KFRAG_00485.fq.gz	NaN	haploid	WA077	PL4
MM305	KFRAG_00485_b	KFRAG_00485_b.fq.gz	NaN	haploid	WA077	PL4
MM305	KFRAG_00485_c	KFRAG_00485_c.fq.gz	NaN	haploid	WA077	PL4
MM306	KFRAG_00486	KFRAG_00486.fq.gz	NaN	haploid	WA077	PL4
MM306	KFRAG_00486_b	KFRAG_00486_b.fq.gz	NaN	haploid	WA077	PL4
MM306	KFRAG_00486_c	KFRAG_00486_c.fq.gz	NaN	haploid	WA077	PL4
MM307	KFRAG_00487	KFRAG_00487.fq.gz	NaN	haploid	WA077	PL4
MM307	KFRAG_00487_b	KFRAG_00487_b.fq.gz	NaN	haploid	WA077	PL4
MM307	KFRAG_00487_c	KFRAG_00487_c.fq.gz	NaN	haploid	WA077	PL4
MM308	KFRAG_00488	KFRAG_00488.fq.gz	NaN	haploid	WA077	PL4
MM308	KFRAG_00488_b	KFRAG_00488_b.fq.gz	NaN	haploid	WA077	PL4
MM308	KFRAG_00488_c	KFRAG_00488_c.fq.gz	NaN	haploid	WA077	PL4
MM619	KFRAG_00799	KFRAG_00799.fq.gz	NaN	haploid	WA077	IVP101
MM619	KFRAG_00799_b	KFRAG_00799_b.fq.gz	NaN	haploid	WA077	IVP101
MM619	KFRAG_00799_c	KFRAG_00799_c.fq.gz	NaN	haploid	WA077	IVP101
MM620	KFRAG_00800	KFRAG_00800.fq.gz	NaN	haploid	WA077	IVP101
MM620	KFRAG_00800_b	KFRAG_00800_b.fq.gz	NaN	haploid	WA077	IVP101
MM620	KFRAG_00800_c	KFRAG_00800_c.fq.gz	NaN	haploid	WA077	IVP101
MM621	KFRAG_00801	KFRAG_00801.fq.gz	NaN	haploid	WA077	IVP101
MM621	KFRAG_00801_b	KFRAG_00801_b.fq.gz	NaN	haploid	WA077	IVP101
MM621	KFRAG_00801_c	KFRAG_00801_c.fq.gz	NaN	haploid	WA077	IVP101
MM622	KFRAG_00802	KFRAG_00802.fq.gz	NaN	haploid	WA077	IVP101
MM622	KFRAG_00802_b	KFRAG_00802_b.fq.gz	NaN	haploid	WA077	IVP101
MM622	KFRAG_00802_c	KFRAG_00802_c.fq.gz	NaN	haploid	WA077	IVP101
MM623	KFRAG_00803	KFRAG_00803.fq.gz	NaN	haploid	LR00014	IVP35
MM623	KFRAG_00803_b	KFRAG_00803_b.fq.gz	NaN	haploid	LR00014	IVP35
MM623	KFRAG_00803_c	KFRAG_00803_c.fq.gz	NaN	haploid	LR00014	IVP35
MM624	KFRAG_00804	KFRAG_00804.fq.gz	NaN	haploid	LR00014	IVP35
MM624	KFRAG_00804_b	KFRAG_00804_b.fq.gz	NaN	haploid	LR00014	IVP35
MM624	KFRAG_00804_c	KFRAG_00804_c.fq.gz	NaN	haploid	LR00014	IVP35
MM625	KFRAG_00805	KFRAG_00805.fq.gz	NaN	haploid	LR00014	IVP35
MM625	KFRAG_00805_b	KFRAG_00805_b.fq.gz	NaN	haploid	LR00014	IVP35
MM625	KFRAG_00805_c	KFRAG_00805_c.fq.gz	NaN	haploid	LR00014	IVP35
MM626	KFRAG_00806	KFRAG_00806.fq.gz	NaN	haploid	LR00014	IVP35
MM626	KFRAG_00806_b	KFRAG_00806_b.fq.gz	NaN	haploid	LR00014	IVP35
MM626	KFRAG_00806_c	KFRAG_00806_c.fq.gz	NaN	haploid	LR00014	IVP35
MM627	KFRAG_00807	KFRAG_00807.fq.gz	NaN	haploid	LR00014	IVP35
MM627	KFRAG_00807_b	KFRAG_00807_b.fq.gz	NaN	haploid	LR00014	IVP35
MM627	KFRAG_00807_c	KFRAG_00807_c.fq.gz	NaN	haploid	LR00014	IVP35
MM628	KFRAG_00808	KFRAG_00808.fq.gz	NaN	haploid	LR00014	IVP35
MM628	KFRAG_00808_b	KFRAG_00808_b.fq.gz	NaN	haploid	LR00014	IVP35
MM628	KFRAG_00808_c	KFRAG_00808_c.fq.gz	NaN	haploid	LR00014	IVP35
MM629	KFRAG_00809	KFRAG_00809.fq.gz	NaN	haploid	LR00014	IVP35
MM629	KFRAG_00809_b	KFRAG_00809_b.fq.gz	NaN	haploid	LR00014	IVP35
MM629	KFRAG_00809_c	KFRAG_00809_c.fq.gz	NaN	haploid	LR00014	IVP35
MM630	KFRAG_00810	KFRAG_00810.fq.gz	NaN	haploid	LR00014	IVP35
MM630	KFRAG_00810_b	KFRAG_00810_b.fq.gz	NaN	haploid	LR00014	IVP35
MM630	KFRAG_00810_c	KFRAG_00810_c.fq.gz	NaN	haploid	LR00014	IVP35
MM659	KFRAG_00839	KFRAG_00839.fq.gz	NaN	haploid	WA077	IVP35
MM659	KFRAG_00839_b	KFRAG_00839_b.fq.gz	NaN	haploid	WA077	IVP35
MM659	KFRAG_00839_c	KFRAG_00839_c.fq.gz	NaN	haploid	WA077	IVP35
MM660	KFRAG_00840	KFRAG_00840.fq.gz	NaN	haploid	WA077	IVP35
MM660	KFRAG_00840_b	KFRAG_00840_b.fq.gz	NaN	haploid	WA077	IVP35
MM660	KFRAG_00840_c	KFRAG_00840_c.fq.gz	NaN	haploid	WA077	IVP35
MM661	KFRAG_00841	KFRAG_00841.fq.gz	NaN	haploid	WA077	IVP35
MM661	KFRAG_00841_b	KFRAG_00841_b.fq.gz	NaN	haploid	WA077	IVP35
MM661	KFRAG_00841_c	KFRAG_00841_c.fq.gz	NaN	haploid	WA077	IVP35
MM662	KFRAG_00842	KFRAG_00842.fq.gz	NaN	haploid	WA077	IVP35
MM662	KFRAG_00842_b	KFRAG_00842_b.fq.gz	NaN	haploid	WA077	IVP35
MM662	KFRAG_00842_c	KFRAG_00842_c.fq.gz	NaN	haploid	WA077	IVP35
MM663	KFRAG_00843	KFRAG_00843.fq.gz	NaN	haploid	WA077	IVP35
MM663	KFRAG_00843_b	KFRAG_00843_b.fq.gz	NaN	haploid	WA077	IVP35
MM663	KFRAG_00843_c	KFRAG_00843_c.fq.gz	NaN	haploid	WA077	IVP35
MM664	KFRAG_00844	KFRAG_00844.fq.gz	NaN	haploid	WA077	IVP35
MM664	KFRAG_00844_b	KFRAG_00844_b.fq.gz	NaN	haploid	WA077	IVP35
MM664	KFRAG_00844_c	KFRAG_00844_c.fq.gz	NaN	haploid	WA077	IVP35
MM665	KFRAG_00845	KFRAG_00845.fq.gz	NaN	haploid	WA077	IVP35
MM665	KFRAG_00845_b	KFRAG_00845_b.fq.gz	NaN	haploid	WA077	IVP35
MM665	KFRAG_00845_c	KFRAG_00845_c.fq.gz	NaN	haploid	WA077	IVP35
MM666	KFRAG_00846	KFRAG_00846.fq.gz	NaN	haploid	WA077	IVP35
MM666	KFRAG_00846_b	KFRAG_00846_b.fq.gz	NaN	haploid	WA077	IVP35
MM666	KFRAG_00846_c	KFRAG_00846_c.fq.gz	NaN	haploid	WA077	IVP35
MM667	KFRAG_00847	KFRAG_00847.fq.gz	NaN	haploid	WA077	IVP35
MM667	KFRAG_00847_b	KFRAG_00847_b.fq.gz	NaN	haploid	WA077	IVP35
MM667	KFRAG_00847_c	KFRAG_00847_c.fq.gz	NaN	haploid	WA077	IVP35
MM668	KFRAG_00848	KFRAG_00848.fq.gz	NaN	haploid	WA077	IVP35
MM668	KFRAG_00848_b	KFRAG_00848_b.fq.gz	NaN	haploid	WA077	IVP35
MM668	KFRAG_00848_c	KFRAG_00848_c.fq.gz	NaN	haploid	WA077	IVP35
MM669	KFRAG_00849	KFRAG_00849.fq.gz	NaN	haploid	WA077	IVP35
MM669	KFRAG_00849_b	KFRAG_00849_b.fq.gz	NaN	haploid	WA077	IVP35
MM669	KFRAG_00849_c	KFRAG_00849_c.fq.gz	NaN	haploid	WA077	IVP35
MM670	KFRAG_00850	KFRAG_00850.fq.gz	NaN	haploid	WA077	IVP35
MM670	KFRAG_00850_b	KFRAG_00850_b.fq.gz	NaN	haploid	WA077	IVP35
MM670	KFRAG_00850_c	KFRAG_00850_c.fq.gz	NaN	haploid	WA077	IVP35
MM671	KFRAG_00851	KFRAG_00851.fq.gz	NaN	haploid	WA077	IVP35
MM671	KFRAG_00851_b	KFRAG_00851_b.fq.gz	NaN	haploid	WA077	IVP35
MM671	KFRAG_00851_c	KFRAG_00851_c.fq.gz	NaN	haploid	WA077	IVP35
MM672	KFRAG_00852	KFRAG_00852.fq.gz	NaN	haploid	WA077	IVP35
MM672	KFRAG_00852_b	KFRAG_00852_b.fq.gz	NaN	haploid	WA077	IVP35
MM672	KFRAG_00852_c	KFRAG_00852_c.fq.gz	NaN	haploid	WA077	IVP35
MM673	KFRAG_00853	KFRAG_00853.fq.gz	NaN	haploid	WA077	IVP35
MM673	KFRAG_00853_b	KFRAG_00853_b.fq.gz	NaN	haploid	WA077	IVP35
MM673	KFRAG_00853_c	KFRAG_00853_c.fq.gz	NaN	haploid	WA077	IVP35
MM676	KFRAG_00856	KFRAG_00856.fq.gz	NaN	haploid	Atlantic	IVP35
MM676	KFRAG_00856_b	KFRAG_00856_b.fq.gz	NaN	haploid	Atlantic	IVP35
MM676	KFRAG_00856_c	KFRAG_00856_c.fq.gz	NaN	haploid	Atlantic	IVP35
MM677	KFRAG_00857	KFRAG_00857.fq.gz	NaN	haploid	LR00014	PL4
MM677	KFRAG_00857_b	KFRAG_00857_b.fq.gz	NaN	haploid	LR00014	PL4
MM677	KFRAG_00857_c	KFRAG_00857_c.fq.gz	NaN	haploid	LR00014	PL4
MM678	KFRAG_00858	KFRAG_00858.fq.gz	NaN	haploid	LR00014	PL4
MM678	KFRAG_00858_b	KFRAG_00858_b.fq.gz	NaN	haploid	LR00014	PL4
MM678	KFRAG_00858_c	KFRAG_00858_c.fq.gz	NaN	haploid	LR00014	PL4
MM679	KFRAG_00859	KFRAG_00859.fq.gz	NaN	haploid	LR00014	PL4
MM679	KFRAG_00859_b	KFRAG_00859_b.fq.gz	NaN	haploid	LR00014	PL4
MM679	KFRAG_00859_c	KFRAG_00859_c.fq.gz	NaN	haploid	LR00014	PL4
MM680	KFRAG_00860	KFRAG_00860.fq.gz	NaN	haploid	LR00014	PL4
MM680	KFRAG_00860_b	KFRAG_00860_b.fq.gz	NaN	haploid	LR00014	PL4
MM680	KFRAG_00860_c	KFRAG_00860_c.fq.gz	NaN	haploid	LR00014	PL4
MM681	KFRAG_00861	KFRAG_00861.fq.gz	NaN	haploid	LR00014	PL4
MM681	KFRAG_00861_b	KFRAG_00861_b.fq.gz	NaN	haploid	LR00014	PL4
MM681	KFRAG_00861_c	KFRAG_00861_c.fq.gz	NaN	haploid	LR00014	PL4
MM682	KFRAG_00862	KFRAG_00862.fq.gz	NaN	haploid	LR00014	PL4
MM682	KFRAG_00862_b	KFRAG_00862_b.fq.gz	NaN	haploid	LR00014	PL4
MM682	KFRAG_00862_c	KFRAG_00862_c.fq.gz	NaN	haploid	LR00014	PL4
MM683	KFRAG_00863	KFRAG_00863.fq.gz	NaN	haploid	LR00014	PL4
MM683	KFRAG_00863_b	KFRAG_00863_b.fq.gz	NaN	haploid	LR00014	PL4
MM683	KFRAG_00863_c	KFRAG_00863_c.fq.gz	NaN	haploid	LR00014	PL4
MM684	KFRAG_00864	KFRAG_00864.fq.gz	NaN	haploid	LR00014	PL4
MM684	KFRAG_00864_b	KFRAG_00864_b.fq.gz	NaN	haploid	LR00014	PL4
MM684	KFRAG_00864_c	KFRAG_00864_c.fq.gz	NaN	haploid	LR00014	PL4
MM685	KFRAG_00865	KFRAG_00865.fq.gz	NaN	haploid	LR00014	PL4
MM685	KFRAG_00865_b	KFRAG_00865_b.fq.gz	NaN	haploid	LR00014	PL4
MM685	KFRAG_00865_c	KFRAG_00865_c.fq.gz	NaN	haploid	LR00014	PL4
MM686	KFRAG_00866	KFRAG_00866.fq.gz	NaN	haploid	LR00014	PL4
MM686	KFRAG_00866_b	KFRAG_00866_b.fq.gz	NaN	haploid	LR00014	PL4
MM686	KFRAG_00866_c	KFRAG_00866_c.fq.gz	NaN	haploid	LR00014	PL4
MM687	KFRAG_00867	KFRAG_00867.fq.gz	NaN	haploid	LR00014	PL4
MM687	KFRAG_00867_b	KFRAG_00867_b.fq.gz	NaN	haploid	LR00014	PL4
MM687	KFRAG_00867_c	KFRAG_00867_c.fq.gz	NaN	haploid	LR00014	PL4
MM688	KFRAG_00868	KFRAG_00868.fq.gz	NaN	haploid	LR00014	PL4
MM688	KFRAG_00868_b	KFRAG_00868_b.fq.gz	NaN	haploid	LR00014	PL4
MM688	KFRAG_00868_c	KFRAG_00868_c.fq.gz	NaN	haploid	LR00014	PL4
MM781	KFRAG_00961	KFRAG_00961.fq.gz	NaN	haploid	WA077	IVP35
MM781	KFRAG_00961_b	KFRAG_00961_b.fq.gz	NaN	haploid	WA077	IVP35
MM781	KFRAG_00961_c	KFRAG_00961_c.fq.gz	NaN	haploid	WA077	IVP35
MM782	KFRAG_00962	KFRAG_00962.fq.gz	NaN	haploid	WA077	IVP35
MM782	KFRAG_00962_b	KFRAG_00962_b.fq.gz	NaN	haploid	WA077	IVP35
MM782	KFRAG_00962_c	KFRAG_00962_c.fq.gz	NaN	haploid	WA077	IVP35
MM783	KFRAG_00963	KFRAG_00963.fq.gz	NaN	haploid	WA077	IVP35
MM783	KFRAG_00963_b	KFRAG_00963_b.fq.gz	NaN	haploid	WA077	IVP35
MM783	KFRAG_00963_c	KFRAG_00963_c.fq.gz	NaN	haploid	WA077	IVP35
MM784	KFRAG_00964	KFRAG_00964.fq.gz	NaN	haploid	WA077	IVP35
MM784	KFRAG_00964_b	KFRAG_00964_b.fq.gz	NaN	haploid	WA077	IVP35
MM784	KFRAG_00964_c	KFRAG_00964_c.fq.gz	NaN	haploid	WA077	IVP35
MM785	KFRAG_00965	KFRAG_00965.fq.gz	NaN	haploid	WA077	IVP35
MM785	KFRAG_00965_b	KFRAG_00965_b.fq.gz	NaN	haploid	WA077	IVP35
MM785	KFRAG_00965_c	KFRAG_00965_c.fq.gz	NaN	haploid	WA077	IVP35
MM786	KFRAG_00966	KFRAG_00966.fq.gz	NaN	haploid	WA077	IVP35
MM786	KFRAG_00966_b	KFRAG_00966_b.fq.gz	NaN	haploid	WA077	IVP35
MM786	KFRAG_00966_c	KFRAG_00966_c.fq.gz	NaN	haploid	WA077	IVP35
MM787	KFRAG_00967	KFRAG_00967.fq.gz	NaN	haploid	WA077	IVP35
MM787	KFRAG_00967_b	KFRAG_00967_b.fq.gz	NaN	haploid	WA077	IVP35
MM787	KFRAG_00967_c	KFRAG_00967_c.fq.gz	NaN	haploid	WA077	IVP35
MM788	KFRAG_00968	KFRAG_00968.fq.gz	NaN	haploid	WA077	IVP35
MM788	KFRAG_00968_b	KFRAG_00968_b.fq.gz	NaN	haploid	WA077	IVP35
MM788	KFRAG_00968_c	KFRAG_00968_c.fq.gz	NaN	haploid	WA077	IVP35
MM789	KFRAG_00969	KFRAG_00969.fq.gz	NaN	haploid	WA077	IVP35
MM789	KFRAG_00969_b	KFRAG_00969_b.fq.gz	NaN	haploid	WA077	IVP35
MM789	KFRAG_00969_c	KFRAG_00969_c.fq.gz	NaN	haploid	WA077	IVP35
MM790	KFRAG_00970	KFRAG_00970.fq.gz	NaN	haploid	WA077	IVP35
MM790	KFRAG_00970_b	KFRAG_00970_b.fq.gz	NaN	haploid	WA077	IVP35
MM790	KFRAG_00970_c	KFRAG_00970_c.fq.gz	NaN	haploid	WA077	IVP35
MM791	KFRAG_00971	KFRAG_00971.fq.gz	NaN	haploid	WA077	IVP35
MM791	KFRAG_00971_b	KFRAG_00971_b.fq.gz	NaN	haploid	WA077	IVP35
MM791	KFRAG_00971_c	KFRAG_00971_c.fq.gz	NaN	haploid	WA077	IVP35
MM792	KFRAG_00972	KFRAG_00972.fq.gz	NaN	haploid	WA077	IVP35
MM792	KFRAG_00972_b	KFRAG_00972_b.fq.gz	NaN	haploid	WA077	IVP35
MM792	KFRAG_00972_c	KFRAG_00972_c.fq.gz	NaN	haploid	WA077	IVP35
MM793	KFRAG_00973	KFRAG_00973.fq.gz	NaN	haploid	WA077	IVP35
MM793	KFRAG_00973_b	KFRAG_00973_b.fq.gz	NaN	haploid	WA077	IVP35
MM793	KFRAG_00973_c	KFRAG_00973_c.fq.gz	NaN	haploid	WA077	IVP35
MM794	KFRAG_00974	KFRAG_00974.fq.gz	NaN	haploid	WA077	IVP35
MM794	KFRAG_00974_b	KFRAG_00974_b.fq.gz	NaN	haploid	WA077	IVP35
MM794	KFRAG_00974_c	KFRAG_00974_c.fq.gz	NaN	haploid	WA077	IVP35
MM795	KFRAG_00975	KFRAG_00975.fq.gz	NaN	haploid	WA077	IVP35
MM795	KFRAG_00975_b	KFRAG_00975_b.fq.gz	NaN	haploid	WA077	IVP35
MM795	KFRAG_00975_c	KFRAG_00975_c.fq.gz	NaN	haploid	WA077	IVP35
MM796	KFRAG_00976	KFRAG_00976.fq.gz	NaN	haploid	WA077	IVP35
MM796	KFRAG_00976_b	KFRAG_00976_b.fq.gz	NaN	haploid	WA077	IVP35
MM796	KFRAG_00976_c	KFRAG_00976_c.fq.gz	NaN	haploid	WA077	IVP35
MM797	KFRAG_00977	KFRAG_00977.fq.gz	NaN	haploid	WA077	IVP35
MM797	KFRAG_00977_b	KFRAG_00977_b.fq.gz	NaN	haploid	WA077	IVP35
MM797	KFRAG_00977_c	KFRAG_00977_c.fq.gz	NaN	haploid	WA077	IVP35
MM798	KFRAG_00978	KFRAG_00978.fq.gz	NaN	haploid	WA077	IVP35
MM798	KFRAG_00978_b	KFRAG_00978_b.fq.gz	NaN	haploid	WA077	IVP35
MM798	KFRAG_00978_c	KFRAG_00978_c.fq.gz	NaN	haploid	WA077	IVP35
MM799	KFRAG_00979	KFRAG_00979.fq.gz	NaN	haploid	WA077	IVP35
MM799	KFRAG_00979_b	KFRAG_00979_b.fq.gz	NaN	haploid	WA077	IVP35
MM799	KFRAG_00979_c	KFRAG_00979_c.fq.gz	NaN	haploid	WA077	IVP35
MM800	KFRAG_00980	KFRAG_00980.fq.gz	NaN	haploid	WA077	IVP35
MM800	KFRAG_00980_b	KFRAG_00980_b.fq.gz	NaN	haploid	WA077	IVP35
MM800	KFRAG_00980_c	KFRAG_00980_c.fq.gz	NaN	haploid	WA077	IVP35
MM801	KFRAG_00981	KFRAG_00981.fq.gz	NaN	haploid	WA077	IVP35
MM801	KFRAG_00981_b	KFRAG_00981_b.fq.gz	NaN	haploid	WA077	IVP35
MM801	KFRAG_00981_c	KFRAG_00981_c.fq.gz	NaN	haploid	WA077	IVP35
MM802	KFRAG_00982	KFRAG_00982.fq.gz	NaN	haploid	WA077	IVP35
MM802	KFRAG_00982_b	KFRAG_00982_b.fq.gz	NaN	haploid	WA077	IVP35
MM802	KFRAG_00982_c	KFRAG_00982_c.fq.gz	NaN	haploid	WA077	IVP35
MM803	KFRAG_00983	KFRAG_00983.fq.gz	NaN	haploid	WA077	IVP35
MM803	KFRAG_00983_b	KFRAG_00983_b.fq.gz	NaN	haploid	WA077	IVP35
MM803	KFRAG_00983_c	KFRAG_00983_c.fq.gz	NaN	haploid	WA077	IVP35
MM804	KFRAG_00984	KFRAG_00984.fq.gz	NaN	haploid	WA077	IVP35
MM804	KFRAG_00984_b	KFRAG_00984_b.fq.gz	NaN	haploid	WA077	IVP35
MM804	KFRAG_00984_c	KFRAG_00984_c.fq.gz	NaN	haploid	WA077	IVP35
MM805	KFRAG_00985	KFRAG_00985.fq.gz	NaN	haploid	WA077	IVP35
MM805	KFRAG_00985_b	KFRAG_00985_b.fq.gz	NaN	haploid	WA077	IVP35
MM805	KFRAG_00985_c	KFRAG_00985_c.fq.gz	NaN	haploid	WA077	IVP35
MM806	KFRAG_00986	KFRAG_00986.fq.gz	NaN	haploid	WA077	IVP35
MM806	KFRAG_00986_b	KFRAG_00986_b.fq.gz	NaN	haploid	WA077	IVP35
MM806	KFRAG_00986_c	KFRAG_00986_c.fq.gz	NaN	haploid	WA077	IVP35
MM807	KFRAG_00987	KFRAG_00987.fq.gz	NaN	haploid	WA077	IVP35
MM807	KFRAG_00987_b	KFRAG_00987_b.fq.gz	NaN	haploid	WA077	IVP35
MM807	KFRAG_00987_c	KFRAG_00987_c.fq.gz	NaN	haploid	WA077	IVP35
MM808	KFRAG_00988	KFRAG_00988.fq.gz	NaN	haploid	WA077	IVP35
MM808	KFRAG_00988_b	KFRAG_00988_b.fq.gz	NaN	haploid	WA077	IVP35
MM808	KFRAG_00988_c	KFRAG_00988_c.fq.gz	NaN	haploid	WA077	IVP35
MM809	KFRAG_00989	KFRAG_00989.fq.gz	NaN	haploid	WA077	IVP35
MM809	KFRAG_00989_b	KFRAG_00989_b.fq.gz	NaN	haploid	WA077	IVP35
MM809	KFRAG_00989_c	KFRAG_00989_c.fq.gz	NaN	haploid	WA077	IVP35
MM810	KFRAG_00990	KFRAG_00990.fq.gz	NaN	haploid	WA077	IVP35
MM810	KFRAG_00990_b	KFRAG_00990_b.fq.gz	NaN	haploid	WA077	IVP35
MM810	KFRAG_00990_c	KFRAG_00990_c.fq.gz	NaN	haploid	WA077	IVP35
MM811	KFRAG_00991	KFRAG_00991.fq.gz	NaN	haploid	WA077	IVP35
MM811	KFRAG_00991_b	KFRAG_00991_b.fq.gz	NaN	haploid	WA077	IVP35
MM811	KFRAG_00991_c	KFRAG_00991_c.fq.gz	NaN	haploid	WA077	IVP35
MM812	KFRAG_00992	KFRAG_00992.fq.gz	NaN	haploid	WA077	IVP35
MM812	KFRAG_00992_b	KFRAG_00992_b.fq.gz	NaN	haploid	WA077	IVP35
MM812	KFRAG_00992_c	KFRAG_00992_c.fq.gz	NaN	haploid	WA077	IVP35
MM813	KFRAG_00993	KFRAG_00993.fq.gz	NaN	haploid	WA077	IVP35
MM813	KFRAG_00993_b	KFRAG_00993_b.fq.gz	NaN	haploid	WA077	IVP35
MM813	KFRAG_00993_c	KFRAG_00993_c.fq.gz	NaN	haploid	WA077	IVP35
MM814	KFRAG_00994	KFRAG_00994.fq.gz	NaN	haploid	WA077	IVP35
MM814	KFRAG_00994_b	KFRAG_00994_b.fq.gz	NaN	haploid	WA077	IVP35
MM814	KFRAG_00994_c	KFRAG_00994_c.fq.gz	NaN	haploid	WA077	IVP35
MM815	KFRAG_00995	KFRAG_00995.fq.gz	NaN	haploid	WA077	IVP35
MM815	KFRAG_00995_b	KFRAG_00995_b.fq.gz	NaN	haploid	WA077	IVP35
MM815	KFRAG_00995_c	KFRAG_00995_c.fq.gz	NaN	haploid	WA077	IVP35
MM816	KFRAG_00996	KFRAG_00996.fq.gz	NaN	haploid	WA077	IVP35
MM816	KFRAG_00996_b	KFRAG_00996_b.fq.gz	NaN	haploid	WA077	IVP35
MM816	KFRAG_00996_c	KFRAG_00996_c.fq.gz	NaN	haploid	WA077	IVP35
MM817	KFRAG_00997	KFRAG_00997.fq.gz	NaN	haploid	WA077	IVP35
MM817	KFRAG_00997_b	KFRAG_00997_b.fq.gz	NaN	haploid	WA077	IVP35
MM817	KFRAG_00997_c	KFRAG_00997_c.fq.gz	NaN	haploid	WA077	IVP35
MM818	KFRAG_00998	KFRAG_00998.fq.gz	NaN	haploid	WA077	IVP35
MM818	KFRAG_00998_b	KFRAG_00998_b.fq.gz	NaN	haploid	WA077	IVP35
MM818	KFRAG_00998_c	KFRAG_00998_c.fq.gz	NaN	haploid	WA077	IVP35
MM819	KFRAG_00999	KFRAG_00999.fq.gz	NaN	haploid	WA077	IVP35
MM819	KFRAG_00999_b	KFRAG_00999_b.fq.gz	NaN	haploid	WA077	IVP35
MM819	KFRAG_00999_c	KFRAG_00999_c.fq.gz	NaN	haploid	WA077	IVP35
MM820	KFRAG_01000	KFRAG_01000.fq.gz	NaN	haploid	WA077	IVP35
MM820	KFRAG_01000_b	KFRAG_01000_b.fq.gz	NaN	haploid	WA077	IVP35
MM820	KFRAG_01000_c	KFRAG_01000_c.fq.gz	NaN	haploid	WA077	IVP35
MM821	KFRAG_01001	KFRAG_01001.fq.gz	NaN	haploid	WA077	IVP35
MM821	KFRAG_01001_b	KFRAG_01001_b.fq.gz	NaN	haploid	WA077	IVP35
MM821	KFRAG_01001_c	KFRAG_01001_c.fq.gz	NaN	haploid	WA077	IVP35
MM822	KFRAG_01002	KFRAG_01002.fq.gz	NaN	haploid	WA077	IVP35
MM822	KFRAG_01002_b	KFRAG_01002_b.fq.gz	NaN	haploid	WA077	IVP35
MM822	KFRAG_01002_c	KFRAG_01002_c.fq.gz	NaN	haploid	WA077	IVP35
MM823	KFRAG_01003	KFRAG_01003.fq.gz	NaN	haploid	WA077	IVP35
MM823	KFRAG_01003_b	KFRAG_01003_b.fq.gz	NaN	haploid	WA077	IVP35
MM823	KFRAG_01003_c	KFRAG_01003_c.fq.gz	NaN	haploid	WA077	IVP35
MM824	KFRAG_01004	KFRAG_01004.fq.gz	NaN	haploid	WA077	IVP35
MM824	KFRAG_01004_b	KFRAG_01004_b.fq.gz	NaN	haploid	WA077	IVP35
MM824	KFRAG_01004_c	KFRAG_01004_c.fq.gz	NaN	haploid	WA077	IVP35
MM825	KFRAG_01005	KFRAG_01005.fq.gz	NaN	haploid	WA077	IVP35
MM825	KFRAG_01005_b	KFRAG_01005_b.fq.gz	NaN	haploid	WA077	IVP35
MM825	KFRAG_01005_c	KFRAG_01005_c.fq.gz	NaN	haploid	WA077	IVP35
MM826	KFRAG_01006	KFRAG_01006.fq.gz	NaN	haploid	WA077	IVP35
MM826	KFRAG_01006_b	KFRAG_01006_b.fq.gz	NaN	haploid	WA077	IVP35
MM826	KFRAG_01006_c	KFRAG_01006_c.fq.gz	NaN	haploid	WA077	IVP35
MM827	KFRAG_01007	KFRAG_01007.fq.gz	NaN	haploid	WA077	IVP35
MM827	KFRAG_01007_b	KFRAG_01007_b.fq.gz	NaN	haploid	WA077	IVP35
MM827	KFRAG_01007_c	KFRAG_01007_c.fq.gz	NaN	haploid	WA077	IVP35
MM828	KFRAG_01008	KFRAG_01008.fq.gz	NaN	haploid	WA077	IVP35
MM828	KFRAG_01008_b	KFRAG_01008_b.fq.gz	NaN	haploid	WA077	IVP35
MM828	KFRAG_01008_c	KFRAG_01008_c.fq.gz	NaN	haploid	WA077	IVP35
MM829	KFRAG_01009	KFRAG_01009.fq.gz	NaN	haploid	WA077	IVP35
MM829	KFRAG_01009_b	KFRAG_01009_b.fq.gz	NaN	haploid	WA077	IVP35
MM829	KFRAG_01009_c	KFRAG_01009_c.fq.gz	NaN	haploid	WA077	IVP35
MM830	KFRAG_01010	KFRAG_01010.fq.gz	NaN	haploid	WA077	IVP35
MM830	KFRAG_01010_b	KFRAG_01010_b.fq.gz	NaN	haploid	WA077	IVP35
MM830	KFRAG_01010_c	KFRAG_01010_c.fq.gz	NaN	haploid	WA077	IVP35
MM831	KFRAG_01011	KFRAG_01011.fq.gz	NaN	haploid	WA077	IVP35
MM831	KFRAG_01011_b	KFRAG_01011_b.fq.gz	NaN	haploid	WA077	IVP35
MM831	KFRAG_01011_c	KFRAG_01011_c.fq.gz	NaN	haploid	WA077	IVP35
MM832	KFRAG_01012	KFRAG_01012.fq.gz	NaN	haploid	WA077	IVP35
MM832	KFRAG_01012_b	KFRAG_01012_b.fq.gz	NaN	haploid	WA077	IVP35
MM832	KFRAG_01012_c	KFRAG_01012_c.fq.gz	NaN	haploid	WA077	IVP35
MM833	KFRAG_01013	KFRAG_01013.fq.gz	NaN	haploid	WA077	IVP35
MM833	KFRAG_01013_b	KFRAG_01013_b.fq.gz	NaN	haploid	WA077	IVP35
MM833	KFRAG_01013_c	KFRAG_01013_c.fq.gz	NaN	haploid	WA077	IVP35
MM834	KFRAG_01014	KFRAG_01014.fq.gz	NaN	haploid	WA077	IVP35
MM834	KFRAG_01014_b	KFRAG_01014_b.fq.gz	NaN	haploid	WA077	IVP35
MM834	KFRAG_01014_c	KFRAG_01014_c.fq.gz	NaN	haploid	WA077	IVP35
MM835	KFRAG_01015	KFRAG_01015.fq.gz	NaN	haploid	WA077	IVP35
MM835	KFRAG_01015_b	KFRAG_01015_b.fq.gz	NaN	haploid	WA077	IVP35
MM835	KFRAG_01015_c	KFRAG_01015_c.fq.gz	NaN	haploid	WA077	IVP35
MM836	KFRAG_01016	KFRAG_01016.fq.gz	NaN	haploid	WA077	IVP35
MM836	KFRAG_01016_b	KFRAG_01016_b.fq.gz	NaN	haploid	WA077	IVP35
MM836	KFRAG_01016_c	KFRAG_01016_c.fq.gz	NaN	haploid	WA077	IVP35
MM837	KFRAG_01017	KFRAG_01017.fq.gz	NaN	haploid	WA077	IVP35
MM837	KFRAG_01017_b	KFRAG_01017_b.fq.gz	NaN	haploid	WA077	IVP35
MM837	KFRAG_01017_c	KFRAG_01017_c.fq.gz	NaN	haploid	WA077	IVP35
MM838	KFRAG_01018	KFRAG_01018.fq.gz	NaN	haploid	WA077	IVP35
MM838	KFRAG_01018_b	KFRAG_01018_b.fq.gz	NaN	haploid	WA077	IVP35
MM838	KFRAG_01018_c	KFRAG_01018_c.fq.gz	NaN	haploid	WA077	IVP35
MM839	KFRAG_01019	KFRAG_01019.fq.gz	NaN	haploid	Atlantic	IVP35
MM839	KFRAG_01019_b	KFRAG_01019_b.fq.gz	NaN	haploid	Atlantic	IVP35
MM839	KFRAG_01019_c	KFRAG_01019_c.fq.gz	NaN	haploid	Atlantic	IVP35
MM840	KFRAG_01020	KFRAG_01020.fq.gz	NaN	haploid	Atlantic	IVP35
MM840	KFRAG_01020_b	KFRAG_01020_b.fq.gz	NaN	haploid	Atlantic	IVP35
MM840	KFRAG_01020_c	KFRAG_01020_c.fq.gz	NaN	haploid	Atlantic	IVP35
MM841	KFRAG_01021	KFRAG_01021.fq.gz	NaN	haploid	Atlantic	IVP35
MM841	KFRAG_01021_b	KFRAG_01021_b.fq.gz	NaN	haploid	Atlantic	IVP35
MM841	KFRAG_01021_c	KFRAG_01021_c.fq.gz	NaN	haploid	Atlantic	IVP35
MM842	KFRAG_01022	KFRAG_01022.fq.gz	NaN	haploid	LR00014	PL4
MM842	KFRAG_01022_b	KFRAG_01022_b.fq.gz	NaN	haploid	LR00014	PL4
MM842	KFRAG_01022_c	KFRAG_01022_c.fq.gz	NaN	haploid	LR00014	PL4
MM911	KFRAG_01091	KFRAG_01091.fq.gz	NaN	haploid	WA077	PL4
MM911	KFRAG_01091_b	KFRAG_01091_b.fq.gz	NaN	haploid	WA077	PL4
MM911	KFRAG_01091_c	KFRAG_01091_c.fq.gz	NaN	haploid	WA077	PL4
MM912	KFRAG_01092	KFRAG_01092.fq.gz	NaN	haploid	WA077	PL4
MM912	KFRAG_01092_b	KFRAG_01092_b.fq.gz	NaN	haploid	WA077	PL4
MM912	KFRAG_01092_c	KFRAG_01092_c.fq.gz	NaN	haploid	WA077	PL4
MM913	KFRAG_01093	KFRAG_01093.fq.gz	NaN	haploid	WA077	PL4
MM913	KFRAG_01093_b	KFRAG_01093_b.fq.gz	NaN	haploid	WA077	PL4
MM913	KFRAG_01093_c	KFRAG_01093_c.fq.gz	NaN	haploid	WA077	PL4
MM914	KFRAG_01094	KFRAG_01094.fq.gz	NaN	haploid	WA077	PL4
MM914	KFRAG_01094_b	KFRAG_01094_b.fq.gz	NaN	haploid	WA077	PL4
MM914	KFRAG_01094_c	KFRAG_01094_c.fq.gz	NaN	haploid	WA077	PL4
MM915	KFRAG_01095	KFRAG_01095.fq.gz	NaN	haploid	WA077	PL4
MM915	KFRAG_01095_b	KFRAG_01095_b.fq.gz	NaN	haploid	WA077	PL4
MM915	KFRAG_01095_c	KFRAG_01095_c.fq.gz	NaN	haploid	WA077	PL4
MM916	KFRAG_01096	KFRAG_01096.fq.gz	NaN	haploid	WA077	PL4
MM916	KFRAG_01096_b	KFRAG_01096_b.fq.gz	NaN	haploid	WA077	PL4
MM916	KFRAG_01096_c	KFRAG_01096_c.fq.gz	NaN	haploid	WA077	PL4
MM917	KFRAG_01097	KFRAG_01097.fq.gz	NaN	haploid	WA077	PL4
MM917	KFRAG_01097_b	KFRAG_01097_b.fq.gz	NaN	haploid	WA077	PL4
MM917	KFRAG_01097_c	KFRAG_01097_c.fq.gz	NaN	haploid	WA077	PL4
MM918	KFRAG_01098	KFRAG_01098.fq.gz	NaN	haploid	WA077	PL4
MM918	KFRAG_01098_b	KFRAG_01098_b.fq.gz	NaN	haploid	WA077	PL4
MM918	KFRAG_01098_c	KFRAG_01098_c.fq.gz	NaN	haploid	WA077	PL4
MM919	KFRAG_01099	KFRAG_01099.fq.gz	NaN	haploid	WA077	PL4
MM919	KFRAG_01099_b	KFRAG_01099_b.fq.gz	NaN	haploid	WA077	PL4
MM919	KFRAG_01099_c	KFRAG_01099_c.fq.gz	NaN	haploid	WA077	PL4
MM920	KFRAG_01100	KFRAG_01100.fq.gz	NaN	haploid	WA077	PL4
MM920	KFRAG_01100_b	KFRAG_01100_b.fq.gz	NaN	haploid	WA077	PL4
MM920	KFRAG_01100_c	KFRAG_01100_c.fq.gz	NaN	haploid	WA077	PL4
MM921	KFRAG_01101	KFRAG_01101.fq.gz	NaN	haploid	WA077	PL4
MM921	KFRAG_01101_b	KFRAG_01101_b.fq.gz	NaN	haploid	WA077	PL4
MM921	KFRAG_01101_c	KFRAG_01101_c.fq.gz	NaN	haploid	WA077	PL4
MM922	KFRAG_01102	KFRAG_01102.fq.gz	NaN	haploid	WA077	PL4
MM922	KFRAG_01102_b	KFRAG_01102_b.fq.gz	NaN	haploid	WA077	PL4
MM922	KFRAG_01102_c	KFRAG_01102_c.fq.gz	NaN	haploid	WA077	PL4
MM923	KFRAG_01103	KFRAG_01103.fq.gz	NaN	haploid	WA077	PL4
MM923	KFRAG_01103_b	KFRAG_01103_b.fq.gz	NaN	haploid	WA077	PL4
MM923	KFRAG_01103_c	KFRAG_01103_c.fq.gz	NaN	haploid	WA077	PL4
MM924	KFRAG_01104	KFRAG_01104.fq.gz	NaN	haploid	WA077	PL4
MM924	KFRAG_01104_b	KFRAG_01104_b.fq.gz	NaN	haploid	WA077	PL4
MM924	KFRAG_01104_c	KFRAG_01104_c.fq.gz	NaN	haploid	WA077	PL4
MM925	KFRAG_01105	KFRAG_01105.fq.gz	NaN	haploid	WA077	PL4
MM925	KFRAG_01105_b	KFRAG_01105_b.fq.gz	NaN	haploid	WA077	PL4
MM925	KFRAG_01105_c	KFRAG_01105_c.fq.gz	NaN	haploid	WA077	PL4
MM926	KFRAG_01106	KFRAG_01106.fq.gz	NaN	haploid	WA077	PL4
MM926	KFRAG_01106_b	KFRAG_01106_b.fq.gz	NaN	haploid	WA077	PL4
MM926	KFRAG_01106_c	KFRAG_01106_c.fq.gz	NaN	haploid	WA077	PL4
MM927	KFRAG_01107	KFRAG_01107.fq.gz	NaN	haploid	WA077	PL4
MM927	KFRAG_01107_b	KFRAG_01107_b.fq.gz	NaN	haploid	WA077	PL4
MM927	KFRAG_01107_c	KFRAG_01107_c.fq.gz	NaN	haploid	WA077	PL4
MM928	KFRAG_01108	KFRAG_01108.fq.gz	NaN	haploid	WA077	PL4
MM928	KFRAG_01108_b	KFRAG_01108_b.fq.gz	NaN	haploid	WA077	PL4
MM928	KFRAG_01108_c	KFRAG_01108_c.fq.gz	NaN	haploid	WA077	PL4
MM929	KFRAG_01109	KFRAG_01109.fq.gz	NaN	haploid	WA077	PL4
MM929	KFRAG_01109_b	KFRAG_01109_b.fq.gz	NaN	haploid	WA077	PL4
MM929	KFRAG_01109_c	KFRAG_01109_c.fq.gz	NaN	haploid	WA077	PL4
MM930	KFRAG_01110	KFRAG_01110.fq.gz	NaN	haploid	WA077	PL4
MM930	KFRAG_01110_b	KFRAG_01110_b.fq.gz	NaN	haploid	WA077	PL4
MM930	KFRAG_01110_c	KFRAG_01110_c.fq.gz	NaN	haploid	WA077	PL4
MM931	KFRAG_01111	KFRAG_01111.fq.gz	NaN	haploid	WA077	PL4
MM931	KFRAG_01111_b	KFRAG_01111_b.fq.gz	NaN	haploid	WA077	PL4
MM931	KFRAG_01111_c	KFRAG_01111_c.fq.gz	NaN	haploid	WA077	PL4
MM932	KFRAG_01112	KFRAG_01112.fq.gz	NaN	haploid	LR00014	IVP101
MM932	KFRAG_01112_b	KFRAG_01112_b.fq.gz	NaN	haploid	LR00014	IVP101
MM932	KFRAG_01112_c	KFRAG_01112_c.fq.gz	NaN	haploid	LR00014	IVP101
MM933	KFRAG_01113	KFRAG_01113.fq.gz	NaN	haploid	LR00014	IVP101
MM933	KFRAG_01113_b	KFRAG_01113_b.fq.gz	NaN	haploid	LR00014	IVP101
MM933	KFRAG_01113_c	KFRAG_01113_c.fq.gz	NaN	haploid	LR00014	IVP101
MM934	KFRAG_01114	KFRAG_01114.fq.gz	NaN	haploid	LR00014	IVP101
MM934	KFRAG_01114_b	KFRAG_01114_b.fq.gz	NaN	haploid	LR00014	IVP101
MM934	KFRAG_01114_c	KFRAG_01114_c.fq.gz	NaN	haploid	LR00014	IVP101
MM935	KFRAG_01115	KFRAG_01115.fq.gz	NaN	haploid	LR00014	IVP101
MM935	KFRAG_01115_b	KFRAG_01115_b.fq.gz	NaN	haploid	LR00014	IVP101
MM935	KFRAG_01115_c	KFRAG_01115_c.fq.gz	NaN	haploid	LR00014	IVP101
MM936	KFRAG_01116	KFRAG_01116.fq.gz	NaN	haploid	LR00014	IVP101
MM936	KFRAG_01116_b	KFRAG_01116_b.fq.gz	NaN	haploid	LR00014	IVP101
MM936	KFRAG_01116_c	KFRAG_01116_c.fq.gz	NaN	haploid	LR00014	IVP101
MM937	KFRAG_01117	KFRAG_01117.fq.gz	NaN	haploid	LR00014	IVP101
MM937	KFRAG_01117_b	KFRAG_01117_b.fq.gz	NaN	haploid	LR00014	IVP101
MM937	KFRAG_01117_c	KFRAG_01117_c.fq.gz	NaN	haploid	LR00014	IVP101
MM938	KFRAG_01118	KFRAG_01118.fq.gz	NaN	haploid	LR00014	IVP101
MM938	KFRAG_01118_b	KFRAG_01118_b.fq.gz	NaN	haploid	LR00014	IVP101
MM938	KFRAG_01118_c	KFRAG_01118_c.fq.gz	NaN	haploid	LR00014	IVP101
MM939	KFRAG_01119	KFRAG_01119.fq.gz	NaN	haploid	LR00014	IVP101
MM939	KFRAG_01119_b	KFRAG_01119_b.fq.gz	NaN	haploid	LR00014	IVP101
MM939	KFRAG_01119_c	KFRAG_01119_c.fq.gz	NaN	haploid	LR00014	IVP101
MM940	KFRAG_01120	KFRAG_01120.fq.gz	NaN	haploid	LR00014	IVP101
MM940	KFRAG_01120_b	KFRAG_01120_b.fq.gz	NaN	haploid	LR00014	IVP101
MM940	KFRAG_01120_c	KFRAG_01120_c.fq.gz	NaN	haploid	LR00014	IVP101
MM941	KFRAG_01121	KFRAG_01121.fq.gz	NaN	haploid	LR00014	IVP101
MM941	KFRAG_01121_b	KFRAG_01121_b.fq.gz	NaN	haploid	LR00014	IVP101
MM941	KFRAG_01121_c	KFRAG_01121_c.fq.gz	NaN	haploid	LR00014	IVP101
MM942	KFRAG_01122	KFRAG_01122.fq.gz	NaN	haploid	LR00014	IVP101
MM942	KFRAG_01122_b	KFRAG_01122_b.fq.gz	NaN	haploid	LR00014	IVP101
MM942	KFRAG_01122_c	KFRAG_01122_c.fq.gz	NaN	haploid	LR00014	IVP101
MM943	KFRAG_01123	KFRAG_01123.fq.gz	NaN	haploid	LR00014	IVP35
MM943	KFRAG_01123_b	KFRAG_01123_b.fq.gz	NaN	haploid	LR00014	IVP35
MM943	KFRAG_01123_c	KFRAG_01123_c.fq.gz	NaN	haploid	LR00014	IVP35
MM944	KFRAG_01124	KFRAG_01124.fq.gz	NaN	haploid	LR00014	IVP35
MM944	KFRAG_01124_b	KFRAG_01124_b.fq.gz	NaN	haploid	LR00014	IVP35
MM944	KFRAG_01124_c	KFRAG_01124_c.fq.gz	NaN	haploid	LR00014	IVP35
MM945	KFRAG_01125	KFRAG_01125.fq.gz	NaN	haploid	LR00014	IVP35
MM945	KFRAG_01125_b	KFRAG_01125_b.fq.gz	NaN	haploid	LR00014	IVP35
MM945	KFRAG_01125_c	KFRAG_01125_c.fq.gz	NaN	haploid	LR00014	IVP35
MM946	KFRAG_01126	KFRAG_01126.fq.gz	NaN	haploid	LR00014	IVP35
MM946	KFRAG_01126_b	KFRAG_01126_b.fq.gz	NaN	haploid	LR00014	IVP35
MM946	KFRAG_01126_c	KFRAG_01126_c.fq.gz	NaN	haploid	LR00014	IVP35
MM947	KFRAG_01127	KFRAG_01127.fq.gz	NaN	haploid	LR00014	IVP35
MM947	KFRAG_01127_b	KFRAG_01127_b.fq.gz	NaN	haploid	LR00014	IVP35
MM947	KFRAG_01127_c	KFRAG_01127_c.fq.gz	NaN	haploid	LR00014	IVP35
MM948	KFRAG_01128	KFRAG_01128.fq.gz	NaN	haploid	LR00014	IVP35
MM948	KFRAG_01128_b	KFRAG_01128_b.fq.gz	NaN	haploid	LR00014	IVP35
MM948	KFRAG_01128_c	KFRAG_01128_c.fq.gz	NaN	haploid	LR00014	IVP35
MM949	KFRAG_01129	KFRAG_01129.fq.gz	NaN	haploid	LR00014	IVP35
MM949	KFRAG_01129_b	KFRAG_01129_b.fq.gz	NaN	haploid	LR00014	IVP35
MM949	KFRAG_01129_c	KFRAG_01129_c.fq.gz	NaN	haploid	LR00014	IVP35
MM950	KFRAG_01130	KFRAG_01130.fq.gz	NaN	haploid	LR00014	IVP35
MM950	KFRAG_01130_b	KFRAG_01130_b.fq.gz	NaN	haploid	LR00014	IVP35
MM950	KFRAG_01130_c	KFRAG_01130_c.fq.gz	NaN	haploid	LR00014	IVP35
MM951	KFRAG_01131	KFRAG_01131.fq.gz	NaN	haploid	LR00014	IVP35
MM951	KFRAG_01131_b	KFRAG_01131_b.fq.gz	NaN	haploid	LR00014	IVP35
MM951	KFRAG_01131_c	KFRAG_01131_c.fq.gz	NaN	haploid	LR00014	IVP35
MM952	KFRAG_01132	KFRAG_01132.fq.gz	NaN	haploid	LR00014	IVP35
MM952	KFRAG_01132_b	KFRAG_01132_b.fq.gz	NaN	haploid	LR00014	IVP35
MM952	KFRAG_01132_c	KFRAG_01132_c.fq.gz	NaN	haploid	LR00014	IVP35
MM953	KFRAG_01133	KFRAG_01133.fq.gz	NaN	haploid	LR00014	IVP35
MM953	KFRAG_01133_b	KFRAG_01133_b.fq.gz	NaN	haploid	LR00014	IVP35
MM953	KFRAG_01133_c	KFRAG_01133_c.fq.gz	NaN	haploid	LR00014	IVP35
MM954	KFRAG_01134	KFRAG_01134.fq.gz	NaN	haploid	LR00014	IVP35
MM954	KFRAG_01134_b	KFRAG_01134_b.fq.gz	NaN	haploid	LR00014	IVP35
MM954	KFRAG_01134_c	KFRAG_01134_c.fq.gz	NaN	haploid	LR00014	IVP35
MM955	KFRAG_01135	KFRAG_01135.fq.gz	NaN	haploid	LR00014	IVP35
MM955	KFRAG_01135_b	KFRAG_01135_b.fq.gz	NaN	haploid	LR00014	IVP35
MM955	KFRAG_01135_c	KFRAG_01135_c.fq.gz	NaN	haploid	LR00014	IVP35
MM956	KFRAG_01136	KFRAG_01136.fq.gz	NaN	haploid	LR00014	IVP35
MM956	KFRAG_01136_b	KFRAG_01136_b.fq.gz	NaN	haploid	LR00014	IVP35
MM956	KFRAG_01136_c	KFRAG_01136_c.fq.gz	NaN	haploid	LR00014	IVP35
MM957	KFRAG_01137	KFRAG_01137.fq.gz	NaN	haploid	LR00014	PL4
MM957	KFRAG_01137_b	KFRAG_01137_b.fq.gz	NaN	haploid	LR00014	PL4
MM957	KFRAG_01137_c	KFRAG_01137_c.fq.gz	NaN	haploid	LR00014	PL4
MM958	KFRAG_01138	KFRAG_01138.fq.gz	NaN	haploid	LR00014	PL4
MM958	KFRAG_01138_b	KFRAG_01138_b.fq.gz	NaN	haploid	LR00014	PL4
MM958	KFRAG_01138_c	KFRAG_01138_c.fq.gz	NaN	haploid	LR00014	PL4
MM959	KFRAG_01139	KFRAG_01139.fq.gz	NaN	haploid	LR00014	PL4
MM959	KFRAG_01139_b	KFRAG_01139_b.fq.gz	NaN	haploid	LR00014	PL4
MM959	KFRAG_01139_c	KFRAG_01139_c.fq.gz	NaN	haploid	LR00014	PL4
MM960	KFRAG_01140	KFRAG_01140.fq.gz	NaN	haploid	LR00014	PL4
MM960	KFRAG_01140_b	KFRAG_01140_b.fq.gz	NaN	haploid	LR00014	PL4
MM960	KFRAG_01140_c	KFRAG_01140_c.fq.gz	NaN	haploid	LR00014	PL4
MM961	KFRAG_01141	KFRAG_01141.fq.gz	NaN	haploid	LR00014	PL4
MM961	KFRAG_01141_b	KFRAG_01141_b.fq.gz	NaN	haploid	LR00014	PL4
MM961	KFRAG_01141_c	KFRAG_01141_c.fq.gz	NaN	haploid	LR00014	PL4
MM962	KFRAG_01142	KFRAG_01142.fq.gz	NaN	haploid	LR00014	PL4
MM962	KFRAG_01142_b	KFRAG_01142_b.fq.gz	NaN	haploid	LR00014	PL4
MM962	KFRAG_01142_c	KFRAG_01142_c.fq.gz	NaN	haploid	LR00014	PL4
MM963	KFRAG_01143	KFRAG_01143.fq.gz	NaN	haploid	LR00014	PL4
MM963	KFRAG_01143_b	KFRAG_01143_b.fq.gz	NaN	haploid	LR00014	PL4
MM963	KFRAG_01143_c	KFRAG_01143_c.fq.gz	NaN	haploid	LR00014	PL4
MM964	KFRAG_01144	KFRAG_01144.fq.gz	NaN	haploid	LR00014	PL4
MM964	KFRAG_01144_b	KFRAG_01144_b.fq.gz	NaN	haploid	LR00014	PL4
MM964	KFRAG_01144_c	KFRAG_01144_c.fq.gz	NaN	haploid	LR00014	PL4
MM965	KFRAG_01145	KFRAG_01145.fq.gz	NaN	haploid	LR00014	PL4
MM965	KFRAG_01145_b	KFRAG_01145_b.fq.gz	NaN	haploid	LR00014	PL4
MM965	KFRAG_01145_c	KFRAG_01145_c.fq.gz	NaN	haploid	LR00014	PL4
MM966	KFRAG_01146	KFRAG_01146.fq.gz	NaN	haploid	LR00014	PL4
MM966	KFRAG_01146_b	KFRAG_01146_b.fq.gz	NaN	haploid	LR00014	PL4
MM966	KFRAG_01146_c	KFRAG_01146_c.fq.gz	NaN	haploid	LR00014	PL4
MM967	KFRAG_01147	KFRAG_01147.fq.gz	NaN	haploid	WA077	PL4
MM967	KFRAG_01147_b	KFRAG_01147_b.fq.gz	NaN	haploid	WA077	PL4
MM967	KFRAG_01147_c	KFRAG_01147_c.fq.gz	NaN	haploid	WA077	PL4
MM968	KFRAG_01148	KFRAG_01148.fq.gz	NaN	haploid	WA077	PL4
MM968	KFRAG_01148_b	KFRAG_01148_b.fq.gz	NaN	haploid	WA077	PL4
MM968	KFRAG_01148_c	KFRAG_01148_c.fq.gz	NaN	haploid	WA077	PL4
MM969	KFRAG_01149	KFRAG_01149.fq.gz	NaN	haploid	WA077	PL4
MM969	KFRAG_01149_b	KFRAG_01149_b.fq.gz	NaN	haploid	WA077	PL4
MM969	KFRAG_01149_c	KFRAG_01149_c.fq.gz	NaN	haploid	WA077	PL4
MM970	KFRAG_01150	KFRAG_01150.fq.gz	NaN	haploid	WA077	PL4
MM970	KFRAG_01150_b	KFRAG_01150_b.fq.gz	NaN	haploid	WA077	PL4
MM970	KFRAG_01150_c	KFRAG_01150_c.fq.gz	NaN	haploid	WA077	PL4
MM971	KFRAG_01151	KFRAG_01151.fq.gz	NaN	haploid	WA077	PL4
MM971	KFRAG_01151_b	KFRAG_01151_b.fq.gz	NaN	haploid	WA077	PL4
MM971	KFRAG_01151_c	KFRAG_01151_c.fq.gz	NaN	haploid	WA077	PL4
MM972	KFRAG_01152	KFRAG_01152.fq.gz	NaN	haploid	WA077	PL4
MM972	KFRAG_01152_b	KFRAG_01152_b.fq.gz	NaN	haploid	WA077	PL4
MM972	KFRAG_01152_c	KFRAG_01152_c.fq.gz	NaN	haploid	WA077	PL4
MM973	KFRAG_01153	KFRAG_01153.fq.gz	NaN	haploid	WA077	PL4
MM973	KFRAG_01153_b	KFRAG_01153_b.fq.gz	NaN	haploid	WA077	PL4
MM973	KFRAG_01153_c	KFRAG_01153_c.fq.gz	NaN	haploid	WA077	PL4
MM974	KFRAG_01154	KFRAG_01154.fq.gz	NaN	haploid	WA077	PL4
MM974	KFRAG_01154_b	KFRAG_01154_b.fq.gz	NaN	haploid	WA077	PL4
MM974	KFRAG_01154_c	KFRAG_01154_c.fq.gz	NaN	haploid	WA077	PL4
MM975	KFRAG_01155	KFRAG_01155.fq.gz	NaN	haploid	WA077	PL4
MM975	KFRAG_01155_b	KFRAG_01155_b.fq.gz	NaN	haploid	WA077	PL4
MM975	KFRAG_01155_c	KFRAG_01155_c.fq.gz	NaN	haploid	WA077	PL4
MM976	KFRAG_01156	KFRAG_01156.fq.gz	NaN	haploid	WA077	PL4
MM976	KFRAG_01156_b	KFRAG_01156_b.fq.gz	NaN	haploid	WA077	PL4
MM976	KFRAG_01156_c	KFRAG_01156_c.fq.gz	NaN	haploid	WA077	PL4
MM977	KFRAG_01157	KFRAG_01157.fq.gz	NaN	haploid	WA077	PL4
MM977	KFRAG_01157_b	KFRAG_01157_b.fq.gz	NaN	haploid	WA077	PL4
MM977	KFRAG_01157_c	KFRAG_01157_c.fq.gz	NaN	haploid	WA077	PL4
MM978	KFRAG_01158	KFRAG_01158.fq.gz	NaN	haploid	WA077	PL4
MM978	KFRAG_01158_b	KFRAG_01158_b.fq.gz	NaN	haploid	WA077	PL4
MM978	KFRAG_01158_c	KFRAG_01158_c.fq.gz	NaN	haploid	WA077	PL4
MM979	KFRAG_01159	KFRAG_01159.fq.gz	NaN	haploid	WA077	PL4
MM979	KFRAG_01159_b	KFRAG_01159_b.fq.gz	NaN	haploid	WA077	PL4
MM979	KFRAG_01159_c	KFRAG_01159_c.fq.gz	NaN	haploid	WA077	PL4
MM980	KFRAG_01160	KFRAG_01160.fq.gz	NaN	haploid	WA077	PL4
MM980	KFRAG_01160_b	KFRAG_01160_b.fq.gz	NaN	haploid	WA077	PL4
MM980	KFRAG_01160_c	KFRAG_01160_c.fq.gz	NaN	haploid	WA077	PL4
MM981	KFRAG_01161	KFRAG_01161.fq.gz	NaN	haploid	WA077	PL4
MM981	KFRAG_01161_b	KFRAG_01161_b.fq.gz	NaN	haploid	WA077	PL4
MM981	KFRAG_01161_c	KFRAG_01161_c.fq.gz	NaN	haploid	WA077	PL4
MM982	KFRAG_01162	KFRAG_01162.fq.gz	NaN	haploid	WA077	IVP35
MM982	KFRAG_01162_b	KFRAG_01162_b.fq.gz	NaN	haploid	WA077	IVP35
MM982	KFRAG_01162_c	KFRAG_01162_c.fq.gz	NaN	haploid	WA077	IVP35
MM983	KFRAG_01163	KFRAG_01163.fq.gz	NaN	haploid	WA077	IVP35
MM983	KFRAG_01163_b	KFRAG_01163_b.fq.gz	NaN	haploid	WA077	IVP35
MM983	KFRAG_01163_c	KFRAG_01163_c.fq.gz	NaN	haploid	WA077	IVP35
MM984	KFRAG_01164	KFRAG_01164.fq.gz	NaN	haploid	WA077	IVP35
MM984	KFRAG_01164_b	KFRAG_01164_b.fq.gz	NaN	haploid	WA077	IVP35
MM984	KFRAG_01164_c	KFRAG_01164_c.fq.gz	NaN	haploid	WA077	IVP35
MM985	KFRAG_01165	KFRAG_01165.fq.gz	NaN	haploid	WA077	IVP35
MM985	KFRAG_01165_b	KFRAG_01165_b.fq.gz	NaN	haploid	WA077	IVP35
MM985	KFRAG_01165_c	KFRAG_01165_c.fq.gz	NaN	haploid	WA077	IVP35
MM986	KFRAG_01166	KFRAG_01166.fq.gz	NaN	haploid	WA077	IVP35
MM986	KFRAG_01166_b	KFRAG_01166_b.fq.gz	NaN	haploid	WA077	IVP35
MM986	KFRAG_01166_c	KFRAG_01166_c.fq.gz	NaN	haploid	WA077	IVP35
MM987	KFRAG_01167	KFRAG_01167.fq.gz	NaN	haploid	WA077	IVP35
MM987	KFRAG_01167_b	KFRAG_01167_b.fq.gz	NaN	haploid	WA077	IVP35
MM987	KFRAG_01167_c	KFRAG_01167_c.fq.gz	NaN	haploid	WA077	IVP35
MM988	KFRAG_01168	KFRAG_01168.fq.gz	NaN	haploid	WA077	IVP35
MM988	KFRAG_01168_b	KFRAG_01168_b.fq.gz	NaN	haploid	WA077	IVP35
MM988	KFRAG_01168_c	KFRAG_01168_c.fq.gz	NaN	haploid	WA077	IVP35
MM989	KFRAG_01169	KFRAG_01169.fq.gz	NaN	haploid	WA077	IVP35
MM989	KFRAG_01169_b	KFRAG_01169_b.fq.gz	NaN	haploid	WA077	IVP35
MM989	KFRAG_01169_c	KFRAG_01169_c.fq.gz	NaN	haploid	WA077	IVP35
MM990	KFRAG_01170	KFRAG_01170.fq.gz	NaN	haploid	WA077	IVP35
MM990	KFRAG_01170_b	KFRAG_01170_b.fq.gz	NaN	haploid	WA077	IVP35
MM990	KFRAG_01170_c	KFRAG_01170_c.fq.gz	NaN	haploid	WA077	IVP35
MM991	KFRAG_01171	KFRAG_01171.fq.gz	NaN	haploid	WA077	IVP35
MM991	KFRAG_01171_b	KFRAG_01171_b.fq.gz	NaN	haploid	WA077	IVP35
MM991	KFRAG_01171_c	KFRAG_01171_c.fq.gz	NaN	haploid	WA077	IVP35
MM992	KFRAG_01172	KFRAG_01172.fq.gz	NaN	haploid	LR00014	PL4
MM992	KFRAG_01172_b	KFRAG_01172_b.fq.gz	NaN	haploid	LR00014	PL4
MM992	KFRAG_01172_c	KFRAG_01172_c.fq.gz	NaN	haploid	LR00014	PL4
MM993	KFRAG_01173	KFRAG_01173.fq.gz	NaN	haploid	LR00014	PL4
MM993	KFRAG_01173_b	KFRAG_01173_b.fq.gz	NaN	haploid	LR00014	PL4
MM993	KFRAG_01173_c	KFRAG_01173_c.fq.gz	NaN	haploid	LR00014	PL4
MM994	KFRAG_01174	KFRAG_01174.fq.gz	NaN	haploid	LR00014	PL4
MM994	KFRAG_01174_b	KFRAG_01174_b.fq.gz	NaN	haploid	LR00014	PL4
MM994	KFRAG_01174_c	KFRAG_01174_c.fq.gz	NaN	haploid	LR00014	PL4
MM995	KFRAG_01175	KFRAG_01175.fq.gz	NaN	haploid	LR00014	PL4
MM995	KFRAG_01175_b	KFRAG_01175_b.fq.gz	NaN	haploid	LR00014	PL4
MM995	KFRAG_01175_c	KFRAG_01175_c.fq.gz	NaN	haploid	LR00014	PL4
MM996	KFRAG_01176	KFRAG_01176.fq.gz	NaN	haploid	LR00014	PL4
MM996	KFRAG_01176_b	KFRAG_01176_b.fq.gz	NaN	haploid	LR00014	PL4
MM996	KFRAG_01176_c	KFRAG_01176_c.fq.gz	NaN	haploid	LR00014	PL4
MM997	KFRAG_01177	KFRAG_01177.fq.gz	NaN	haploid	LR00014	PL4
MM997	KFRAG_01177_b	KFRAG_01177_b.fq.gz	NaN	haploid	LR00014	PL4
MM997	KFRAG_01177_c	KFRAG_01177_c.fq.gz	NaN	haploid	LR00014	PL4
MM998	KFRAG_01178	KFRAG_01178.fq.gz	NaN	haploid	LR00014	PL4
MM998	KFRAG_01178_b	KFRAG_01178_b.fq.gz	NaN	haploid	LR00014	PL4
MM998	KFRAG_01178_c	KFRAG_01178_c.fq.gz	NaN	haploid	LR00014	PL4
MM1012	KFRAG_01192	KFRAG_01192.fq.gz	NaN	haploid	WA077	IVP35
MM1012	KFRAG_01192_b	KFRAG_01192_b.fq.gz	NaN	haploid	WA077	IVP35
MM1012	KFRAG_01192_c	KFRAG_01192_c.fq.gz	NaN	haploid	WA077	IVP35
MM1013	KFRAG_01193	KFRAG_01193.fq.gz	NaN	haploid	WA077	IVP35
MM1013	KFRAG_01193_b	KFRAG_01193_b.fq.gz	NaN	haploid	WA077	IVP35
MM1013	KFRAG_01193_c	KFRAG_01193_c.fq.gz	NaN	haploid	WA077	IVP35
MM1036	KFRAG_01216	KFRAG_01216.fq.gz	NaN	haploid	WA077	PL4
MM1036	KFRAG_01216_b	KFRAG_01216_b.fq.gz	NaN	haploid	WA077	PL4
MM1036	KFRAG_01216_c	KFRAG_01216_c.fq.gz	NaN	haploid	WA077	PL4
MM1037	KFRAG_01217	KFRAG_01217.fq.gz	NaN	haploid	WA077	PL4
MM1037	KFRAG_01217_b	KFRAG_01217_b.fq.gz	NaN	haploid	WA077	PL4
MM1037	KFRAG_01217_c	KFRAG_01217_c.fq.gz	NaN	haploid	WA077	PL4
MM1038	KFRAG_01218	KFRAG_01218.fq.gz	NaN	haploid	WA077	PL4
MM1038	KFRAG_01218_b	KFRAG_01218_b.fq.gz	NaN	haploid	WA077	PL4
MM1038	KFRAG_01218_c	KFRAG_01218_c.fq.gz	NaN	haploid	WA077	PL4
MM1039	KFRAG_01219	KFRAG_01219.fq.gz	NaN	haploid	Atlantic	PL4
MM1039	KFRAG_01219_b	KFRAG_01219_b.fq.gz	NaN	haploid	Atlantic	PL4
MM1039	KFRAG_01219_c	KFRAG_01219_c.fq.gz	NaN	haploid	Atlantic	PL4
MM1040	KFRAG_01220	KFRAG_01220.fq.gz	NaN	haploid	Atlantic	PL4
MM1040	KFRAG_01220_b	KFRAG_01220_b.fq.gz	NaN	haploid	Atlantic	PL4
MM1040	KFRAG_01220_c	KFRAG_01220_c.fq.gz	NaN	haploid	Atlantic	PL4
MM1041	KFRAG_01221	KFRAG_01221.fq.gz	NaN	haploid	Atlantic	PL4
MM1041	KFRAG_01221_b	KFRAG_01221_b.fq.gz	NaN	haploid	Atlantic	PL4
MM1041	KFRAG_01221_c	KFRAG_01221_c.fq.gz	NaN	haploid	Atlantic	PL4
MM1042	KFRAG_01222	KFRAG_01222.fq.gz	NaN	haploid	Atlantic	PL4
MM1042	KFRAG_01222_b	KFRAG_01222_b.fq.gz	NaN	haploid	Atlantic	PL4
MM1042	KFRAG_01222_c	KFRAG_01222_c.fq.gz	NaN	haploid	Atlantic	PL4
MM1043	KFRAG_01223	KFRAG_01223.fq.gz	NaN	haploid	Atlantic	PL4
MM1043	KFRAG_01223_b	KFRAG_01223_b.fq.gz	NaN	haploid	Atlantic	PL4
MM1043	KFRAG_01223_c	KFRAG_01223_c.fq.gz	NaN	haploid	Atlantic	PL4
MM1044	KFRAG_01224	KFRAG_01224.fq.gz	NaN	haploid	LR00014	IVP101
MM1044	KFRAG_01224_b	KFRAG_01224_b.fq.gz	NaN	haploid	LR00014	IVP101
MM1044	KFRAG_01224_c	KFRAG_01224_c.fq.gz	NaN	haploid	LR00014	IVP101
MM1045	KFRAG_01225	KFRAG_01225.fq.gz	NaN	haploid	LR00014	IVP101
MM1045	KFRAG_01225_b	KFRAG_01225_b.fq.gz	NaN	haploid	LR00014	IVP101
MM1045	KFRAG_01225_c	KFRAG_01225_c.fq.gz	NaN	haploid	LR00014	IVP101
MM1046	KFRAG_01226	KFRAG_01226.fq.gz	NaN	haploid	LR00014	IVP101
MM1046	KFRAG_01226_b	KFRAG_01226_b.fq.gz	NaN	haploid	LR00014	IVP101
MM1046	KFRAG_01226_c	KFRAG_01226_c.fq.gz	NaN	haploid	LR00014	IVP101
MM1047	KFRAG_01227	KFRAG_01227.fq.gz	NaN	haploid	LR00014	IVP101
MM1047	KFRAG_01227_b	KFRAG_01227_b.fq.gz	NaN	haploid	LR00014	IVP101
MM1047	KFRAG_01227_c	KFRAG_01227_c.fq.gz	NaN	haploid	LR00014	IVP101
MM1048	KFRAG_01228	KFRAG_01228.fq.gz	NaN	haploid	LR00014	IVP101
MM1048	KFRAG_01228_b	KFRAG_01228_b.fq.gz	NaN	haploid	LR00014	IVP101
MM1048	KFRAG_01228_c	KFRAG_01228_c.fq.gz	NaN	haploid	LR00014	IVP101
MM1049	KFRAG_01229	KFRAG_01229.fq.gz	NaN	haploid	LR00014	IVP101
MM1049	KFRAG_01229_b	KFRAG_01229_b.fq.gz	NaN	haploid	LR00014	IVP101
MM1049	KFRAG_01229_c	KFRAG_01229_c.fq.gz	NaN	haploid	LR00014	IVP101
MM1050	KFRAG_01230	KFRAG_01230.fq.gz	NaN	haploid	LR00014	IVP101
MM1050	KFRAG_01230_b	KFRAG_01230_b.fq.gz	NaN	haploid	LR00014	IVP101
MM1050	KFRAG_01230_c	KFRAG_01230_c.fq.gz	NaN	haploid	LR00014	IVP101
MM1051	KFRAG_01231	KFRAG_01231.fq.gz	NaN	haploid	LR00014	IVP101
MM1051	KFRAG_01231_b	KFRAG_01231_b.fq.gz	NaN	haploid	LR00014	IVP101
MM1051	KFRAG_01231_c	KFRAG_01231_c.fq.gz	NaN	haploid	LR00014	IVP101
MM1052	KFRAG_01232	KFRAG_01232.fq.gz	NaN	haploid	LR00014	IVP101
MM1052	KFRAG_01232_b	KFRAG_01232_b.fq.gz	NaN	haploid	LR00014	IVP101
MM1052	KFRAG_01232_c	KFRAG_01232_c.fq.gz	NaN	haploid	LR00014	IVP101
MM1053	KFRAG_01233	KFRAG_01233.fq.gz	NaN	haploid	LR00014	IVP101
MM1053	KFRAG_01233_b	KFRAG_01233_b.fq.gz	NaN	haploid	LR00014	IVP101
MM1053	KFRAG_01233_c	KFRAG_01233_c.fq.gz	NaN	haploid	LR00014	IVP101
MM1054	KFRAG_01234	KFRAG_01234.fq.gz	NaN	haploid	LR00014	IVP101
MM1054	KFRAG_01234_b	KFRAG_01234_b.fq.gz	NaN	haploid	LR00014	IVP101
MM1054	KFRAG_01234_c	KFRAG_01234_c.fq.gz	NaN	haploid	LR00014	IVP101
MM1055	KFRAG_01235	KFRAG_01235.fq.gz	NaN	haploid	LR00014	IVP101
MM1055	KFRAG_01235_b	KFRAG_01235_b.fq.gz	NaN	haploid	LR00014	IVP101
MM1055	KFRAG_01235_c	KFRAG_01235_c.fq.gz	NaN	haploid	LR00014	IVP101
MM1056	KFRAG_01236	KFRAG_01236.fq.gz	NaN	haploid	LR00014	IVP101
MM1056	KFRAG_01236_b	KFRAG_01236_b.fq.gz	NaN	haploid	LR00014	IVP101
MM1056	KFRAG_01236_c	KFRAG_01236_c.fq.gz	NaN	haploid	LR00014	IVP101
MM1057	KFRAG_01237	KFRAG_01237.fq.gz	NaN	haploid	LR00014	IVP101
MM1057	KFRAG_01237_b	KFRAG_01237_b.fq.gz	NaN	haploid	LR00014	IVP101
MM1057	KFRAG_01237_c	KFRAG_01237_c.fq.gz	NaN	haploid	LR00014	IVP101
MM1058	KFRAG_01238	KFRAG_01238.fq.gz	NaN	haploid	LR00014	IVP101
MM1058	KFRAG_01238_b	KFRAG_01238_b.fq.gz	NaN	haploid	LR00014	IVP101
MM1058	KFRAG_01238_c	KFRAG_01238_c.fq.gz	NaN	haploid	LR00014	IVP101
MM1059	KFRAG_01239	KFRAG_01239.fq.gz	NaN	haploid	LR00014	IVP101
MM1059	KFRAG_01239_b	KFRAG_01239_b.fq.gz	NaN	haploid	LR00014	IVP101
MM1059	KFRAG_01239_c	KFRAG_01239_c.fq.gz	NaN	haploid	LR00014	IVP101
MM1060	KFRAG_01240	KFRAG_01240.fq.gz	NaN	haploid	LR00014	IVP101
MM1060	KFRAG_01240_b	KFRAG_01240_b.fq.gz	NaN	haploid	LR00014	IVP101
MM1060	KFRAG_01240_c	KFRAG_01240_c.fq.gz	NaN	haploid	LR00014	IVP101
MM1061	KFRAG_01241	KFRAG_01241.fq.gz	NaN	haploid	LR00014	IVP101
MM1061	KFRAG_01241_b	KFRAG_01241_b.fq.gz	NaN	haploid	LR00014	IVP101
MM1061	KFRAG_01241_c	KFRAG_01241_c.fq.gz	NaN	haploid	LR00014	IVP101
MM1062	KFRAG_01242	KFRAG_01242.fq.gz	NaN	haploid	LR00014	IVP101
MM1062	KFRAG_01242_b	KFRAG_01242_b.fq.gz	NaN	haploid	LR00014	IVP101
MM1062	KFRAG_01242_c	KFRAG_01242_c.fq.gz	NaN	haploid	LR00014	IVP101
MM1094	KFRAG_01274	KFRAG_01274.fq.gz	NaN	haploid	WA077	IVP101
MM1094	KFRAG_01274_b	KFRAG_01274_b.fq.gz	NaN	haploid	WA077	IVP101
MM1094	KFRAG_01274_c	KFRAG_01274_c.fq.gz	NaN	haploid	WA077	IVP101
MM1095	KFRAG_01275	KFRAG_01275.fq.gz	NaN	haploid	WA077	IVP101
MM1095	KFRAG_01275_b	KFRAG_01275_b.fq.gz	NaN	haploid	WA077	IVP101
MM1095	KFRAG_01275_c	KFRAG_01275_c.fq.gz	NaN	haploid	WA077	IVP101
MM1096	KFRAG_01276	KFRAG_01276.fq.gz	NaN	haploid	WA077	IVP101
MM1096	KFRAG_01276_b	KFRAG_01276_b.fq.gz	NaN	haploid	WA077	IVP101
MM1096	KFRAG_01276_c	KFRAG_01276_c.fq.gz	NaN	haploid	WA077	IVP101
MM1097	KFRAG_01277	KFRAG_01277.fq.gz	NaN	haploid	WA077	IVP101
MM1097	KFRAG_01277_b	KFRAG_01277_b.fq.gz	NaN	haploid	WA077	IVP101
MM1097	KFRAG_01277_c	KFRAG_01277_c.fq.gz	NaN	haploid	WA077	IVP101
MM1098	KFRAG_01278	KFRAG_01278.fq.gz	NaN	haploid	WA077	IVP101
MM1098	KFRAG_01278_b	KFRAG_01278_b.fq.gz	NaN	haploid	WA077	IVP101
MM1098	KFRAG_01278_c	KFRAG_01278_c.fq.gz	NaN	haploid	WA077	IVP101
MM1099	KFRAG_01279	KFRAG_01279.fq.gz	NaN	haploid	WA077	IVP101
MM1099	KFRAG_01279_b	KFRAG_01279_b.fq.gz	NaN	haploid	WA077	IVP101
MM1099	KFRAG_01279_c	KFRAG_01279_c.fq.gz	NaN	haploid	WA077	IVP101
MM1100	KFRAG_01280	KFRAG_01280.fq.gz	NaN	haploid	WA077	IVP101
MM1100	KFRAG_01280_b	KFRAG_01280_b.fq.gz	NaN	haploid	WA077	IVP101
MM1100	KFRAG_01280_c	KFRAG_01280_c.fq.gz	NaN	haploid	WA077	IVP101
MM1101	KFRAG_01281	KFRAG_01281.fq.gz	NaN	haploid	WA077	IVP101
MM1101	KFRAG_01281_b	KFRAG_01281_b.fq.gz	NaN	haploid	WA077	IVP101
MM1101	KFRAG_01281_c	KFRAG_01281_c.fq.gz	NaN	haploid	WA077	IVP101
MM1102	KFRAG_01282	KFRAG_01282.fq.gz	NaN	haploid	WA077	IVP101
MM1102	KFRAG_01282_b	KFRAG_01282_b.fq.gz	NaN	haploid	WA077	IVP101
MM1102	KFRAG_01282_c	KFRAG_01282_c.fq.gz	NaN	haploid	WA077	IVP101
MM1103	KFRAG_01283	KFRAG_01283.fq.gz	NaN	haploid	WA077	IVP101
MM1103	KFRAG_01283_b	KFRAG_01283_b.fq.gz	NaN	haploid	WA077	IVP101
MM1103	KFRAG_01283_c	KFRAG_01283_c.fq.gz	NaN	haploid	WA077	IVP101
MM1104	KFRAG_01284	KFRAG_01284.fq.gz	NaN	haploid	WA077	IVP101
MM1104	KFRAG_01284_b	KFRAG_01284_b.fq.gz	NaN	haploid	WA077	IVP101
MM1104	KFRAG_01284_c	KFRAG_01284_c.fq.gz	NaN	haploid	WA077	IVP101
MM1105	KFRAG_01285	KFRAG_01285.fq.gz	NaN	haploid	WA077	IVP101
MM1105	KFRAG_01285_b	KFRAG_01285_b.fq.gz	NaN	haploid	WA077	IVP101
MM1105	KFRAG_01285_c	KFRAG_01285_c.fq.gz	NaN	haploid	WA077	IVP101
MM1106	KFRAG_01286	KFRAG_01286.fq.gz	NaN	haploid	WA077	IVP101
MM1106	KFRAG_01286_b	KFRAG_01286_b.fq.gz	NaN	haploid	WA077	IVP101
MM1106	KFRAG_01286_c	KFRAG_01286_c.fq.gz	NaN	haploid	WA077	IVP101
MM1107	KFRAG_01287	KFRAG_01287.fq.gz	NaN	haploid	WA077	IVP101
MM1107	KFRAG_01287_b	KFRAG_01287_b.fq.gz	NaN	haploid	WA077	IVP101
MM1107	KFRAG_01287_c	KFRAG_01287_c.fq.gz	NaN	haploid	WA077	IVP101
MM1108	KFRAG_01288	KFRAG_01288.fq.gz	NaN	haploid	WA077	IVP101
MM1108	KFRAG_01288_b	KFRAG_01288_b.fq.gz	NaN	haploid	WA077	IVP101
MM1108	KFRAG_01288_c	KFRAG_01288_c.fq.gz	NaN	haploid	WA077	IVP101
MM1109	KFRAG_01289	KFRAG_01289.fq.gz	NaN	haploid	WA077	IVP101
MM1109	KFRAG_01289_b	KFRAG_01289_b.fq.gz	NaN	haploid	WA077	IVP101
MM1109	KFRAG_01289_c	KFRAG_01289_c.fq.gz	NaN	haploid	WA077	IVP101
MM1110	KFRAG_01290	KFRAG_01290.fq.gz	NaN	haploid	WA077	IVP101
MM1110	KFRAG_01290_b	KFRAG_01290_b.fq.gz	NaN	haploid	WA077	IVP101
MM1110	KFRAG_01290_c	KFRAG_01290_c.fq.gz	NaN	haploid	WA077	IVP101
MM1111	KFRAG_01291	KFRAG_01291.fq.gz	NaN	haploid	WA077	IVP101
MM1111	KFRAG_01291_b	KFRAG_01291_b.fq.gz	NaN	haploid	WA077	IVP101
MM1111	KFRAG_01291_c	KFRAG_01291_c.fq.gz	NaN	haploid	WA077	IVP101
MM1112	KFRAG_01292	KFRAG_01292.fq.gz	NaN	haploid	WA077	IVP101
MM1112	KFRAG_01292_b	KFRAG_01292_b.fq.gz	NaN	haploid	WA077	IVP101
MM1112	KFRAG_01292_c	KFRAG_01292_c.fq.gz	NaN	haploid	WA077	IVP101
MM1113	KFRAG_01293	KFRAG_01293.fq.gz	NaN	haploid	WA077	IVP101
MM1113	KFRAG_01293_b	KFRAG_01293_b.fq.gz	NaN	haploid	WA077	IVP101
MM1113	KFRAG_01293_c	KFRAG_01293_c.fq.gz	NaN	haploid	WA077	IVP101
MM1114	KFRAG_01294	KFRAG_01294.fq.gz	NaN	haploid	WA077	IVP101
MM1114	KFRAG_01294_b	KFRAG_01294_b.fq.gz	NaN	haploid	WA077	IVP101
MM1114	KFRAG_01294_c	KFRAG_01294_c.fq.gz	NaN	haploid	WA077	IVP101
MM1115	KFRAG_01295	KFRAG_01295.fq.gz	NaN	haploid	WA077	IVP101
MM1115	KFRAG_01295_b	KFRAG_01295_b.fq.gz	NaN	haploid	WA077	IVP101
MM1115	KFRAG_01295_c	KFRAG_01295_c.fq.gz	NaN	haploid	WA077	IVP101
MM1116	KFRAG_01296	KFRAG_01296.fq.gz	NaN	haploid	WA077	IVP101
MM1116	KFRAG_01296_b	KFRAG_01296_b.fq.gz	NaN	haploid	WA077	IVP101
MM1116	KFRAG_01296_c	KFRAG_01296_c.fq.gz	NaN	haploid	WA077	IVP101
MM1117	KFRAG_01297	KFRAG_01297.fq.gz	NaN	haploid	WA077	IVP101
MM1117	KFRAG_01297_b	KFRAG_01297_b.fq.gz	NaN	haploid	WA077	IVP101
MM1117	KFRAG_01297_c	KFRAG_01297_c.fq.gz	NaN	haploid	WA077	IVP101
MM1118	KFRAG_01298	KFRAG_01298.fq.gz	NaN	haploid	WA077	IVP101
MM1118	KFRAG_01298_b	KFRAG_01298_b.fq.gz	NaN	haploid	WA077	IVP101
MM1118	KFRAG_01298_c	KFRAG_01298_c.fq.gz	NaN	haploid	WA077	IVP101
MM1119	KFRAG_01299	KFRAG_01299.fq.gz	NaN	haploid	WA077	IVP101
MM1119	KFRAG_01299_b	KFRAG_01299_b.fq.gz	NaN	haploid	WA077	IVP101
MM1119	KFRAG_01299_c	KFRAG_01299_c.fq.gz	NaN	haploid	WA077	IVP101
MM1120	KFRAG_01300	KFRAG_01300.fq.gz	NaN	haploid	WA077	IVP101
MM1120	KFRAG_01300_b	KFRAG_01300_b.fq.gz	NaN	haploid	WA077	IVP101
MM1120	KFRAG_01300_c	KFRAG_01300_c.fq.gz	NaN	haploid	WA077	IVP101
MM1121	KFRAG_01301	KFRAG_01301.fq.gz	NaN	haploid	WA077	IVP101
MM1121	KFRAG_01301_b	KFRAG_01301_b.fq.gz	NaN	haploid	WA077	IVP101
MM1121	KFRAG_01301_c	KFRAG_01301_c.fq.gz	NaN	haploid	WA077	IVP101
MM1122	KFRAG_01302	KFRAG_01302.fq.gz	NaN	haploid	WA077	IVP101
MM1122	KFRAG_01302_b	KFRAG_01302_b.fq.gz	NaN	haploid	WA077	IVP101
MM1122	KFRAG_01302_c	KFRAG_01302_c.fq.gz	NaN	haploid	WA077	IVP101
MM1123	KFRAG_01303	KFRAG_01303.fq.gz	NaN	haploid	WA077	IVP101
MM1123	KFRAG_01303_b	KFRAG_01303_b.fq.gz	NaN	haploid	WA077	IVP101
MM1123	KFRAG_01303_c	KFRAG_01303_c.fq.gz	NaN	haploid	WA077	IVP101
MM1124	KFRAG_01304	KFRAG_01304.fq.gz	NaN	haploid	WA077	IVP101
MM1124	KFRAG_01304_b	KFRAG_01304_b.fq.gz	NaN	haploid	WA077	IVP101
MM1124	KFRAG_01304_c	KFRAG_01304_c.fq.gz	NaN	haploid	WA077	IVP101
MM1125	KFRAG_01305	KFRAG_01305.fq.gz	NaN	haploid	WA077	IVP101
MM1125	KFRAG_01305_b	KFRAG_01305_b.fq.gz	NaN	haploid	WA077	IVP101
MM1125	KFRAG_01305_c	KFRAG_01305_c.fq.gz	NaN	haploid	WA077	IVP101
MM1126	KFRAG_01306	KFRAG_01306.fq.gz	NaN	haploid	WA077	IVP101
MM1126	KFRAG_01306_b	KFRAG_01306_b.fq.gz	NaN	haploid	WA077	IVP101
MM1126	KFRAG_01306_c	KFRAG_01306_c.fq.gz	NaN	haploid	WA077	IVP101
MM1127	KFRAG_01307	KFRAG_01307.fq.gz	NaN	haploid	WA077	IVP101
MM1127	KFRAG_01307_b	KFRAG_01307_b.fq.gz	NaN	haploid	WA077	IVP101
MM1127	KFRAG_01307_c	KFRAG_01307_c.fq.gz	NaN	haploid	WA077	IVP101
MM1128	KFRAG_01308	KFRAG_01308.fq.gz	NaN	haploid	Desiree	IVP101
MM1128	KFRAG_01308_b	KFRAG_01308_b.fq.gz	NaN	haploid	Desiree	IVP101
MM1128	KFRAG_01308_c	KFRAG_01308_c.fq.gz	NaN	haploid	Desiree	IVP101
MM1129	KFRAG_01309	KFRAG_01309.fq.gz	NaN	haploid	Desiree	IVP101
MM1129	KFRAG_01309_b	KFRAG_01309_b.fq.gz	NaN	haploid	Desiree	IVP101
MM1129	KFRAG_01309_c	KFRAG_01309_c.fq.gz	NaN	haploid	Desiree	IVP101
MM1130	KFRAG_01310	KFRAG_01310.fq.gz	NaN	haploid	LR00014	IVP35
MM1130	KFRAG_01310_b	KFRAG_01310_b.fq.gz	NaN	haploid	LR00014	IVP35
MM1130	KFRAG_01310_c	KFRAG_01310_c.fq.gz	NaN	haploid	LR00014	IVP35
MM1131	KFRAG_01311	KFRAG_01311.fq.gz	NaN	haploid	LR00014	IVP35
MM1131	KFRAG_01311_b	KFRAG_01311_b.fq.gz	NaN	haploid	LR00014	IVP35
MM1131	KFRAG_01311_c	KFRAG_01311_c.fq.gz	NaN	haploid	LR00014	IVP35
MM1132	KFRAG_01312	KFRAG_01312.fq.gz	NaN	haploid	LR00014	IVP35
MM1132	KFRAG_01312_b	KFRAG_01312_b.fq.gz	NaN	haploid	LR00014	IVP35
MM1132	KFRAG_01312_c	KFRAG_01312_c.fq.gz	NaN	haploid	LR00014	IVP35
MM1133	KFRAG_01313	KFRAG_01313.fq.gz	NaN	haploid	LR00014	IVP35
MM1133	KFRAG_01313_b	KFRAG_01313_b.fq.gz	NaN	haploid	LR00014	IVP35
MM1133	KFRAG_01313_c	KFRAG_01313_c.fq.gz	NaN	haploid	LR00014	IVP35
MM1134	KFRAG_01314	KFRAG_01314.fq.gz	NaN	haploid	LR00014	IVP35
MM1134	KFRAG_01314_b	KFRAG_01314_b.fq.gz	NaN	haploid	LR00014	IVP35
MM1134	KFRAG_01314_c	KFRAG_01314_c.fq.gz	NaN	haploid	LR00014	IVP35
MM1135	KFRAG_01315	KFRAG_01315.fq.gz	NaN	haploid	LR00014	IVP35
MM1135	KFRAG_01315_b	KFRAG_01315_b.fq.gz	NaN	haploid	LR00014	IVP35
MM1135	KFRAG_01315_c	KFRAG_01315_c.fq.gz	NaN	haploid	LR00014	IVP35
MM1136	KFRAG_01316	KFRAG_01316.fq.gz	NaN	haploid	LR00014	IVP35
MM1136	KFRAG_01316_b	KFRAG_01316_b.fq.gz	NaN	haploid	LR00014	IVP35
MM1136	KFRAG_01316_c	KFRAG_01316_c.fq.gz	NaN	haploid	LR00014	IVP35
MM1137	KFRAG_01317	KFRAG_01317.fq.gz	NaN	haploid	LR00014	IVP35
MM1137	KFRAG_01317_b	KFRAG_01317_b.fq.gz	NaN	haploid	LR00014	IVP35
MM1137	KFRAG_01317_c	KFRAG_01317_c.fq.gz	NaN	haploid	LR00014	IVP35
MM1138	KFRAG_01318	KFRAG_01318.fq.gz	NaN	haploid	LR00014	IVP35
MM1138	KFRAG_01318_b	KFRAG_01318_b.fq.gz	NaN	haploid	LR00014	IVP35
MM1138	KFRAG_01318_c	KFRAG_01318_c.fq.gz	NaN	haploid	LR00014	IVP35
MM1139	KFRAG_01319	KFRAG_01319.fq.gz	NaN	haploid	LR00014	IVP35
MM1139	KFRAG_01319_b	KFRAG_01319_b.fq.gz	NaN	haploid	LR00014	IVP35
MM1139	KFRAG_01319_c	KFRAG_01319_c.fq.gz	NaN	haploid	LR00014	IVP35
MM1140	KFRAG_01320	KFRAG_01320.fq.gz	NaN	haploid	LR00014	IVP35
MM1140	KFRAG_01320_b	KFRAG_01320_b.fq.gz	NaN	haploid	LR00014	IVP35
MM1140	KFRAG_01320_c	KFRAG_01320_c.fq.gz	NaN	haploid	LR00014	IVP35
MM1141	KFRAG_01321	KFRAG_01321.fq.gz	NaN	haploid	LR00014	IVP35
MM1141	KFRAG_01321_b	KFRAG_01321_b.fq.gz	NaN	haploid	LR00014	IVP35
MM1141	KFRAG_01321_c	KFRAG_01321_c.fq.gz	NaN	haploid	LR00014	IVP35
MM1142	KFRAG_01322	KFRAG_01322.fq.gz	NaN	haploid	LR00014	IVP35
MM1142	KFRAG_01322_b	KFRAG_01322_b.fq.gz	NaN	haploid	LR00014	IVP35
MM1142	KFRAG_01322_c	KFRAG_01322_c.fq.gz	NaN	haploid	LR00014	IVP35
MM1143	KFRAG_01323	KFRAG_01323.fq.gz	NaN	haploid	LR00014	IVP35
MM1143	KFRAG_01323_b	KFRAG_01323_b.fq.gz	NaN	haploid	LR00014	IVP35
MM1143	KFRAG_01323_c	KFRAG_01323_c.fq.gz	NaN	haploid	LR00014	IVP35
MM1144	KFRAG_01324	KFRAG_01324.fq.gz	NaN	haploid	LR00014	IVP35
MM1144	KFRAG_01324_b	KFRAG_01324_b.fq.gz	NaN	haploid	LR00014	IVP35
MM1144	KFRAG_01324_c	KFRAG_01324_c.fq.gz	NaN	haploid	LR00014	IVP35
MM1145	KFRAG_01325	KFRAG_01325.fq.gz	NaN	haploid	LR00014	IVP35
MM1145	KFRAG_01325_b	KFRAG_01325_b.fq.gz	NaN	haploid	LR00014	IVP35
MM1145	KFRAG_01325_c	KFRAG_01325_c.fq.gz	NaN	haploid	LR00014	IVP35
MM1146	KFRAG_01326	KFRAG_01326.fq.gz	NaN	haploid	LR00014	IVP35
MM1146	KFRAG_01326_b	KFRAG_01326_b.fq.gz	NaN	haploid	LR00014	IVP35
MM1146	KFRAG_01326_c	KFRAG_01326_c.fq.gz	NaN	haploid	LR00014	IVP35
MM1147	KFRAG_01327	KFRAG_01327.fq.gz	NaN	haploid	LR00014	IVP35
MM1147	KFRAG_01327_b	KFRAG_01327_b.fq.gz	NaN	haploid	LR00014	IVP35
MM1147	KFRAG_01327_c	KFRAG_01327_c.fq.gz	NaN	haploid	LR00014	IVP35
MM1148	KFRAG_01328	KFRAG_01328.fq.gz	NaN	haploid	LR00014	IVP35
MM1148	KFRAG_01328_b	KFRAG_01328_b.fq.gz	NaN	haploid	LR00014	IVP35
MM1148	KFRAG_01328_c	KFRAG_01328_c.fq.gz	NaN	haploid	LR00014	IVP35
MM1149	KFRAG_01329	KFRAG_01329.fq.gz	NaN	haploid	LR00014	IVP35
MM1149	KFRAG_01329_b	KFRAG_01329_b.fq.gz	NaN	haploid	LR00014	IVP35
MM1149	KFRAG_01329_c	KFRAG_01329_c.fq.gz	NaN	haploid	LR00014	IVP35
MM1150	KFRAG_01330	KFRAG_01330.fq.gz	NaN	haploid	LR00014	IVP35
MM1150	KFRAG_01330_b	KFRAG_01330_b.fq.gz	NaN	haploid	LR00014	IVP35
MM1150	KFRAG_01330_c	KFRAG_01330_c.fq.gz	NaN	haploid	LR00014	IVP35
MM1151	KFRAG_01331	KFRAG_01331.fq.gz	NaN	haploid	LR00014	IVP35
MM1151	KFRAG_01331_b	KFRAG_01331_b.fq.gz	NaN	haploid	LR00014	IVP35
MM1151	KFRAG_01331_c	KFRAG_01331_c.fq.gz	NaN	haploid	LR00014	IVP35
MM1152	KFRAG_01332	KFRAG_01332.fq.gz	NaN	haploid	LR00014	IVP35
MM1152	KFRAG_01332_b	KFRAG_01332_b.fq.gz	NaN	haploid	LR00014	IVP35
MM1152	KFRAG_01332_c	KFRAG_01332_c.fq.gz	NaN	haploid	LR00014	IVP35
MM1153	KFRAG_01333	KFRAG_01333.fq.gz	NaN	haploid	LR00014	IVP35
MM1153	KFRAG_01333_b	KFRAG_01333_b.fq.gz	NaN	haploid	LR00014	IVP35
MM1153	KFRAG_01333_c	KFRAG_01333_c.fq.gz	NaN	haploid	LR00014	IVP35
MM1154	KFRAG_01334	KFRAG_01334.fq.gz	NaN	haploid	LR00014	IVP35
MM1154	KFRAG_01334_b	KFRAG_01334_b.fq.gz	NaN	haploid	LR00014	IVP35
MM1154	KFRAG_01334_c	KFRAG_01334_c.fq.gz	NaN	haploid	LR00014	IVP35
MM1155	KFRAG_01335	KFRAG_01335.fq.gz	NaN	haploid	LR00014	IVP35
MM1155	KFRAG_01335_b	KFRAG_01335_b.fq.gz	NaN	haploid	LR00014	IVP35
MM1155	KFRAG_01335_c	KFRAG_01335_c.fq.gz	NaN	haploid	LR00014	IVP35
MM1156	KFRAG_01336	KFRAG_01336.fq.gz	NaN	haploid	LR00014	IVP35
MM1156	KFRAG_01336_b	KFRAG_01336_b.fq.gz	NaN	haploid	LR00014	IVP35
MM1156	KFRAG_01336_c	KFRAG_01336_c.fq.gz	NaN	haploid	LR00014	IVP35
MM1157	KFRAG_01337	KFRAG_01337.fq.gz	NaN	haploid	LR00014	IVP35
MM1157	KFRAG_01337_b	KFRAG_01337_b.fq.gz	NaN	haploid	LR00014	IVP35
MM1157	KFRAG_01337_c	KFRAG_01337_c.fq.gz	NaN	haploid	LR00014	IVP35
MM1158	KFRAG_01338	KFRAG_01338.fq.gz	NaN	haploid	LR00014	IVP35
MM1158	KFRAG_01338_b	KFRAG_01338_b.fq.gz	NaN	haploid	LR00014	IVP35
MM1158	KFRAG_01338_c	KFRAG_01338_c.fq.gz	NaN	haploid	LR00014	IVP35
MM1159	KFRAG_01339	KFRAG_01339.fq.gz	NaN	haploid	LR00014	IVP35
MM1159	KFRAG_01339_b	KFRAG_01339_b.fq.gz	NaN	haploid	LR00014	IVP35
MM1159	KFRAG_01339_c	KFRAG_01339_c.fq.gz	NaN	haploid	LR00014	IVP35
MM1160	KFRAG_01340	KFRAG_01340.fq.gz	NaN	haploid	LR00014	IVP35
MM1160	KFRAG_01340_b	KFRAG_01340_b.fq.gz	NaN	haploid	LR00014	IVP35
MM1160	KFRAG_01340_c	KFRAG_01340_c.fq.gz	NaN	haploid	LR00014	IVP35
MM1161	KFRAG_01341	KFRAG_01341.fq.gz	NaN	haploid	LR00014	IVP35
MM1161	KFRAG_01341_b	KFRAG_01341_b.fq.gz	NaN	haploid	LR00014	IVP35
MM1161	KFRAG_01341_c	KFRAG_01341_c.fq.gz	NaN	haploid	LR00014	IVP35
MM1162	KFRAG_01342	KFRAG_01342.fq.gz	NaN	haploid	LR00014	IVP35
MM1162	KFRAG_01342_b	KFRAG_01342_b.fq.gz	NaN	haploid	LR00014	IVP35
MM1162	KFRAG_01342_c	KFRAG_01342_c.fq.gz	NaN	haploid	LR00014	IVP35
MM1163	KFRAG_01343	KFRAG_01343.fq.gz	NaN	haploid	LR00014	IVP35
MM1163	KFRAG_01343_b	KFRAG_01343_b.fq.gz	NaN	haploid	LR00014	IVP35
MM1163	KFRAG_01343_c	KFRAG_01343_c.fq.gz	NaN	haploid	LR00014	IVP35
MM1164	KFRAG_01344	KFRAG_01344.fq.gz	NaN	haploid	LR00014	IVP35
MM1164	KFRAG_01344_b	KFRAG_01344_b.fq.gz	NaN	haploid	LR00014	IVP35
MM1164	KFRAG_01344_c	KFRAG_01344_c.fq.gz	NaN	haploid	LR00014	IVP35
MM1165	KFRAG_01345	KFRAG_01345.fq.gz	NaN	haploid	LR00014	IVP35
MM1165	KFRAG_01345_b	KFRAG_01345_b.fq.gz	NaN	haploid	LR00014	IVP35
MM1165	KFRAG_01345_c	KFRAG_01345_c.fq.gz	NaN	haploid	LR00014	IVP35
MM1168	KFRAG_01348	KFRAG_01348.fq.gz	NaN	haploid	LR00026	IVP35
MM1168	KFRAG_01348_b	KFRAG_01348_b.fq.gz	NaN	haploid	LR00026	IVP35
MM1168	KFRAG_01348_c	KFRAG_01348_c.fq.gz	NaN	haploid	LR00026	IVP35
MM1169	KFRAG_01349	KFRAG_01349.fq.gz	NaN	haploid	LR00026	IVP35
MM1169	KFRAG_01349_b	KFRAG_01349_b.fq.gz	NaN	haploid	LR00026	IVP35
MM1169	KFRAG_01349_c	KFRAG_01349_c.fq.gz	NaN	haploid	LR00026	IVP35
MM1170	KFRAG_01350	KFRAG_01350.fq.gz	NaN	haploid	LR00026	IVP35
MM1170	KFRAG_01350_b	KFRAG_01350_b.fq.gz	NaN	haploid	LR00026	IVP35
MM1170	KFRAG_01350_c	KFRAG_01350_c.fq.gz	NaN	haploid	LR00026	IVP35
MM1171	KFRAG_01351	KFRAG_01351.fq.gz	NaN	haploid	LR00026	IVP35
MM1171	KFRAG_01351_b	KFRAG_01351_b.fq.gz	NaN	haploid	LR00026	IVP35
MM1171	KFRAG_01351_c	KFRAG_01351_c.fq.gz	NaN	haploid	LR00026	IVP35
MM1172	KFRAG_01352	KFRAG_01352.fq.gz	NaN	haploid	LR00026	IVP35
MM1172	KFRAG_01352_b	KFRAG_01352_b.fq.gz	NaN	haploid	LR00026	IVP35
MM1172	KFRAG_01352_c	KFRAG_01352_c.fq.gz	NaN	haploid	LR00026	IVP35
MM1173	KFRAG_01353	KFRAG_01353.fq.gz	NaN	haploid	LR00026	IVP35
MM1173	KFRAG_01353_b	KFRAG_01353_b.fq.gz	NaN	haploid	LR00026	IVP35
MM1173	KFRAG_01353_c	KFRAG_01353_c.fq.gz	NaN	haploid	LR00026	IVP35
MM1174	KFRAG_01354	KFRAG_01354.fq.gz	NaN	haploid	LR00026	IVP35
MM1174	KFRAG_01354_b	KFRAG_01354_b.fq.gz	NaN	haploid	LR00026	IVP35
MM1174	KFRAG_01354_c	KFRAG_01354_c.fq.gz	NaN	haploid	LR00026	IVP35
MM1175	KFRAG_01355	KFRAG_01355.fq.gz	NaN	haploid	LR00026	IVP35
MM1175	KFRAG_01355_b	KFRAG_01355_b.fq.gz	NaN	haploid	LR00026	IVP35
MM1175	KFRAG_01355_c	KFRAG_01355_c.fq.gz	NaN	haploid	LR00026	IVP35
MM1176	KFRAG_01356	KFRAG_01356.fq.gz	NaN	haploid	LR00026	IVP35
MM1176	KFRAG_01356_b	KFRAG_01356_b.fq.gz	NaN	haploid	LR00026	IVP35
MM1176	KFRAG_01356_c	KFRAG_01356_c.fq.gz	NaN	haploid	LR00026	IVP35
MM1196	KFRAG_01376	KFRAG_01376.fq.gz	NaN	haploid	WA077	IVP35
MM1196	KFRAG_01376_b	KFRAG_01376_b.fq.gz	NaN	haploid	WA077	IVP35
MM1196	KFRAG_01376_c	KFRAG_01376_c.fq.gz	NaN	haploid	WA077	IVP35
MM1197	KFRAG_01377	KFRAG_01377.fq.gz	NaN	haploid	WA077	IVP35
MM1197	KFRAG_01377_b	KFRAG_01377_b.fq.gz	NaN	haploid	WA077	IVP35
MM1197	KFRAG_01377_c	KFRAG_01377_c.fq.gz	NaN	haploid	WA077	IVP35
MM1198	KFRAG_01378	KFRAG_01378.fq.gz	NaN	haploid	WA077	IVP35
MM1198	KFRAG_01378_b	KFRAG_01378_b.fq.gz	NaN	haploid	WA077	IVP35
MM1198	KFRAG_01378_c	KFRAG_01378_c.fq.gz	NaN	haploid	WA077	IVP35
MM1199	KFRAG_01379	KFRAG_01379.fq.gz	NaN	haploid	WA077	IVP35
MM1199	KFRAG_01379_b	KFRAG_01379_b.fq.gz	NaN	haploid	WA077	IVP35
MM1199	KFRAG_01379_c	KFRAG_01379_c.fq.gz	NaN	haploid	WA077	IVP35
MM1200	KFRAG_01380	KFRAG_01380.fq.gz	NaN	haploid	WA077	IVP101
MM1200	KFRAG_01380_b	KFRAG_01380_b.fq.gz	NaN	haploid	WA077	IVP101
MM1200	KFRAG_01380_c	KFRAG_01380_c.fq.gz	NaN	haploid	WA077	IVP101
MM1201	KFRAG_01381	KFRAG_01381.fq.gz	NaN	haploid	WA077	IVP101
MM1201	KFRAG_01381_b	KFRAG_01381_b.fq.gz	NaN	haploid	WA077	IVP101
MM1201	KFRAG_01381_c	KFRAG_01381_c.fq.gz	NaN	haploid	WA077	IVP101
MM1202	KFRAG_01382	KFRAG_01382.fq.gz	NaN	haploid	WA077	IVP101
MM1202	KFRAG_01382_b	KFRAG_01382_b.fq.gz	NaN	haploid	WA077	IVP101
MM1202	KFRAG_01382_c	KFRAG_01382_c.fq.gz	NaN	haploid	WA077	IVP101
MM1203	KFRAG_01383	KFRAG_01383.fq.gz	NaN	haploid	WA077	IVP101
MM1203	KFRAG_01383_b	KFRAG_01383_b.fq.gz	NaN	haploid	WA077	IVP101
MM1203	KFRAG_01383_c	KFRAG_01383_c.fq.gz	NaN	haploid	WA077	IVP101
MM1204	KFRAG_01384	KFRAG_01384.fq.gz	NaN	haploid	WA077	IVP101
MM1204	KFRAG_01384_b	KFRAG_01384_b.fq.gz	NaN	haploid	WA077	IVP101
MM1204	KFRAG_01384_c	KFRAG_01384_c.fq.gz	NaN	haploid	WA077	IVP101
MM1205	KFRAG_01385	KFRAG_01385.fq.gz	NaN	haploid	WA077	IVP101
MM1205	KFRAG_01385_b	KFRAG_01385_b.fq.gz	NaN	haploid	WA077	IVP101
MM1205	KFRAG_01385_c	KFRAG_01385_c.fq.gz	NaN	haploid	WA077	IVP101
MM1206	KFRAG_01386	KFRAG_01386.fq.gz	NaN	haploid	WA077	IVP101
MM1206	KFRAG_01386_b	KFRAG_01386_b.fq.gz	NaN	haploid	WA077	IVP101
MM1206	KFRAG_01386_c	KFRAG_01386_c.fq.gz	NaN	haploid	WA077	IVP101
MM1207	KFRAG_01387	KFRAG_01387.fq.gz	NaN	haploid	WA077	IVP101
MM1207	KFRAG_01387_b	KFRAG_01387_b.fq.gz	NaN	haploid	WA077	IVP101
MM1207	KFRAG_01387_c	KFRAG_01387_c.fq.gz	NaN	haploid	WA077	IVP101
MM1208	KFRAG_01388	KFRAG_01388.fq.gz	NaN	haploid	WA077	IVP101
MM1208	KFRAG_01388_b	KFRAG_01388_b.fq.gz	NaN	haploid	WA077	IVP101
MM1208	KFRAG_01388_c	KFRAG_01388_c.fq.gz	NaN	haploid	WA077	IVP101
MM1209	KFRAG_01389	KFRAG_01389.fq.gz	NaN	haploid	WA077	IVP101
MM1209	KFRAG_01389_b	KFRAG_01389_b.fq.gz	NaN	haploid	WA077	IVP101
MM1209	KFRAG_01389_c	KFRAG_01389_c.fq.gz	NaN	haploid	WA077	IVP101
MM1210	KFRAG_01390	KFRAG_01390.fq.gz	NaN	haploid	LR00026	IVP35
MM1210	KFRAG_01390_b	KFRAG_01390_b.fq.gz	NaN	haploid	LR00026	IVP35
MM1210	KFRAG_01390_c	KFRAG_01390_c.fq.gz	NaN	haploid	LR00026	IVP35
MM1211	KFRAG_01391	KFRAG_01391.fq.gz	NaN	haploid	LR00026	IVP35
MM1211	KFRAG_01391_b	KFRAG_01391_b.fq.gz	NaN	haploid	LR00026	IVP35
MM1211	KFRAG_01391_c	KFRAG_01391_c.fq.gz	NaN	haploid	LR00026	IVP35
MM1212	KFRAG_01392	KFRAG_01392.fq.gz	NaN	haploid	LR00026	IVP35
MM1212	KFRAG_01392_b	KFRAG_01392_b.fq.gz	NaN	haploid	LR00026	IVP35
MM1212	KFRAG_01392_c	KFRAG_01392_c.fq.gz	NaN	haploid	LR00026	IVP35
MM1213	KFRAG_01393	KFRAG_01393.fq.gz	NaN	haploid	LR00026	IVP35
MM1213	KFRAG_01393_b	KFRAG_01393_b.fq.gz	NaN	haploid	LR00026	IVP35
MM1213	KFRAG_01393_c	KFRAG_01393_c.fq.gz	NaN	haploid	LR00026	IVP35
MM1214	KFRAG_01394	KFRAG_01394.fq.gz	NaN	haploid	LR00026	IVP35
MM1214	KFRAG_01394_b	KFRAG_01394_b.fq.gz	NaN	haploid	LR00026	IVP35
MM1214	KFRAG_01394_c	KFRAG_01394_c.fq.gz	NaN	haploid	LR00026	IVP35
MM1215	KFRAG_01395	KFRAG_01395.fq.gz	NaN	haploid	LR00026	IVP35
MM1215	KFRAG_01395_b	KFRAG_01395_b.fq.gz	NaN	haploid	LR00026	IVP35
MM1215	KFRAG_01395_c	KFRAG_01395_c.fq.gz	NaN	haploid	LR00026	IVP35
MM1216	KFRAG_01396	KFRAG_01396.fq.gz	NaN	haploid	LR00026	IVP35
MM1216	KFRAG_01396_b	KFRAG_01396_b.fq.gz	NaN	haploid	LR00026	IVP35
MM1216	KFRAG_01396_c	KFRAG_01396_c.fq.gz	NaN	haploid	LR00026	IVP35
MM1217	KFRAG_01397	KFRAG_01397.fq.gz	NaN	haploid	LR00026	IVP35
MM1217	KFRAG_01397_b	KFRAG_01397_b.fq.gz	NaN	haploid	LR00026	IVP35
MM1217	KFRAG_01397_c	KFRAG_01397_c.fq.gz	NaN	haploid	LR00026	IVP35
MM1218	KFRAG_01398	KFRAG_01398.fq.gz	NaN	haploid	LR00026	IVP35
MM1218	KFRAG_01398_b	KFRAG_01398_b.fq.gz	NaN	haploid	LR00026	IVP35
MM1218	KFRAG_01398_c	KFRAG_01398_c.fq.gz	NaN	haploid	LR00026	IVP35
MM1219	KFRAG_01399	KFRAG_01399.fq.gz	NaN	haploid	LR00026	IVP35
MM1219	KFRAG_01399_b	KFRAG_01399_b.fq.gz	NaN	haploid	LR00026	IVP35
MM1219	KFRAG_01399_c	KFRAG_01399_c.fq.gz	NaN	haploid	LR00026	IVP35
MM1220	KFRAG_01400	KFRAG_01400.fq.gz	NaN	haploid	LR00026	IVP35
MM1220	KFRAG_01400_b	KFRAG_01400_b.fq.gz	NaN	haploid	LR00026	IVP35
MM1220	KFRAG_01400_c	KFRAG_01400_c.fq.gz	NaN	haploid	LR00026	IVP35
MM1221	KFRAG_01401	KFRAG_01401.fq.gz	NaN	haploid	LR00026	IVP35
MM1221	KFRAG_01401_b	KFRAG_01401_b.fq.gz	NaN	haploid	LR00026	IVP35
MM1221	KFRAG_01401_c	KFRAG_01401_c.fq.gz	NaN	haploid	LR00026	IVP35
MM1222	KFRAG_01402	KFRAG_01402.fq.gz	NaN	haploid	LR00026	IVP101
MM1222	KFRAG_01402_b	KFRAG_01402_b.fq.gz	NaN	haploid	LR00026	IVP101
MM1222	KFRAG_01402_c	KFRAG_01402_c.fq.gz	NaN	haploid	LR00026	IVP101
MM1223	KFRAG_01403	KFRAG_01403.fq.gz	NaN	haploid	LR00026	IVP101
MM1223	KFRAG_01403_b	KFRAG_01403_b.fq.gz	NaN	haploid	LR00026	IVP101
MM1223	KFRAG_01403_c	KFRAG_01403_c.fq.gz	NaN	haploid	LR00026	IVP101
MM1224	KFRAG_01404	KFRAG_01404.fq.gz	NaN	haploid	LR00026	IVP101
MM1224	KFRAG_01404_b	KFRAG_01404_b.fq.gz	NaN	haploid	LR00026	IVP101
MM1224	KFRAG_01404_c	KFRAG_01404_c.fq.gz	NaN	haploid	LR00026	IVP101
MM1225	KFRAG_01405	KFRAG_01405.fq.gz	NaN	haploid	LR00026	PL4
MM1225	KFRAG_01405_b	KFRAG_01405_b.fq.gz	NaN	haploid	LR00026	PL4
MM1225	KFRAG_01405_c	KFRAG_01405_c.fq.gz	NaN	haploid	LR00026	PL4
MM1226	KFRAG_01406	KFRAG_01406.fq.gz	NaN	haploid	LR00026	PL4
MM1226	KFRAG_01406_b	KFRAG_01406_b.fq.gz	NaN	haploid	LR00026	PL4
MM1226	KFRAG_01406_c	KFRAG_01406_c.fq.gz	NaN	haploid	LR00026	PL4
MM1227	KFRAG_01407	KFRAG_01407.fq.gz	NaN	haploid	LR00026	PL4
MM1227	KFRAG_01407_b	KFRAG_01407_b.fq.gz	NaN	haploid	LR00026	PL4
MM1227	KFRAG_01407_c	KFRAG_01407_c.fq.gz	NaN	haploid	LR00026	PL4
MM1228	KFRAG_01408	KFRAG_01408.fq.gz	NaN	haploid	LR00026	PL4
MM1228	KFRAG_01408_b	KFRAG_01408_b.fq.gz	NaN	haploid	LR00026	PL4
MM1228	KFRAG_01408_c	KFRAG_01408_c.fq.gz	NaN	haploid	LR00026	PL4
MM1229	KFRAG_01409	KFRAG_01409.fq.gz	NaN	haploid	LR00026	PL4
MM1229	KFRAG_01409_b	KFRAG_01409_b.fq.gz	NaN	haploid	LR00026	PL4
MM1229	KFRAG_01409_c	KFRAG_01409_c.fq.gz	NaN	haploid	LR00026	PL4
MM1230	KFRAG_01410	KFRAG_01410.fq.gz	NaN	haploid	LR00026	PL4
MM1230	KFRAG_01410_b	KFRAG_01410_b.fq.gz	NaN	haploid	LR00026	PL4
MM1230	KFRAG_01410_c	KFRAG_01410_c.fq.gz	NaN	haploid	LR00026	PL4
MM1231	KFRAG_01411	KFRAG_01411.fq.gz	NaN	haploid	LR00026	PL4
MM1231	KFRAG_01411_b	KFRAG_01411_b.fq.gz	NaN	haploid	LR00026	PL4
MM1231	KFRAG_01411_c	KFRAG_01411_c.fq.gz	NaN	haploid	LR00026	PL4
MM1232	KFRAG_01412	KFRAG_01412.fq.gz	NaN	haploid	LR00026	PL4
MM1232	KFRAG_01412_b	KFRAG_01412_b.fq.gz	NaN	haploid	LR00026	PL4
MM1232	KFRAG_01412_c	KFRAG_01412_c.fq.gz	NaN	haploid	LR00026	PL4
